currency,city,meal,mcmeal,beer restaurant,milk,rice,potato,water,cigarettes,coffee,ticket,rent,country,latitude,longitude,group,cityproper,overall_rank
€,Aachen,"['Meal, Inexpensive Restaurant ', 12.0, 30]","['McMeal at McDonalds (or Equivalent Combo Meal) ', 10.0, 15]","['Domestic Beer (0.5 liter draught) ', 4.0, 41]","['Milk (regular), (1 liter) ', 1.03, 57]","['Rice (white), (1kg) ', 2.82, 20]","['Potato (1kg) ', 1.46, 51]","['Water (1.5 liter bottle) ', 0.72, 59]","['Cigarettes 20 Pack (Marlboro) ', 8.2, 29]","['Cappuccino (regular) ', 3.2, 58]","['One-way Ticket (Local Transport) ', 3.0, 27]","['Apartment (3 bedrooms) in City Centre ', 1325.0, 97]", Germany,50.7753455,6.0838868,2,Aachen,89
€,Aberdeen,"['Meal, Inexpensive Restaurant ', 18.99, 9]","['McMeal at McDonalds (or Equivalent Combo Meal) ', 8.29, 34]","['Domestic Beer (0.5 liter draught) ', 4.75, 33]","['Milk (regular), (1 liter) ', 1.91, 3]","['Rice (white), (1kg) ', 2.68, 33]","['Potato (1kg) ', 0.8, 90]","['Water (1.5 liter bottle) ', 1.07, 30]","['Cigarettes 20 Pack (Marlboro) ', 16.61, 5]","['Cappuccino (regular) ', 4.02, 15]","['One-way Ticket (Local Transport) ', 3.86, 7]","['Apartment (3 bedrooms) in City Centre ', 1351.42, 92]", United Kingdom,57.1498891,-2.0937528,1,Aberdeen,39
€,Alcala-de Henares Spain,"['Meal, Inexpensive Restaurant ', 13.5, 22]","['McMeal at McDonalds (or Equivalent Combo Meal) ', 8.0, 37]","['Domestic Beer (0.5 liter draught) ', 3.5, 48]","['Milk (regular), (1 liter) ', 1.08, 52]","['Rice (white), (1kg) ', 1.37, 105]","['Potato (1kg) ', 1.37, 58]","['Water (1.5 liter bottle) ', 0.74, 57]","['Cigarettes 20 Pack (Marlboro) ', 5.5, 48]","['Cappuccino (regular) ', 2.2, 90]","['One-way Ticket (Local Transport) ', 2.1, 44]","['Apartment (3 bedrooms) in City Centre ', 1200.0, 112]", Spain,40.4843898,-3.3688023,2,Alcala-de Henares ,133
€,Alicante,"['Meal, Inexpensive Restaurant ', 13.0, 25]","['McMeal at McDonalds (or Equivalent Combo Meal) ', 9.0, 27]","['Domestic Beer (0.5 liter draught) ', 2.5, 61]","['Milk (regular), (1 liter) ', 1.09, 51]","['Rice (white), (1kg) ', 1.2, 113]","['Potato (1kg) ', 1.35, 60]","['Water (1.5 liter bottle) ', 0.59, 69]","['Cigarettes 20 Pack (Marlboro) ', 5.12, 58]","['Cappuccino (regular) ', 1.82, 105]","['One-way Ticket (Local Transport) ', 1.5, 51]","['Apartment (3 bedrooms) in City Centre ', 1279.99, 102]",Spain,38.3459963,-0.4906855,2,Alicante,141
€,Amsterdam,"['Meal, Inexpensive Restaurant ', 20.0, 6]","['McMeal at McDonalds (or Equivalent Combo Meal) ', 13.0, 5]","['Domestic Beer (0.5 liter draught) ', 6.0, 17]","['Milk (regular), (1 liter) ', 1.17, 45]","['Rice (white), (1kg) ', 2.55, 44]","['Potato (1kg) ', 1.81, 27]","['Water (1.5 liter bottle) ', 0.8, 51]","['Cigarettes 20 Pack (Marlboro) ', 11.0, 18]","['Cappuccino (regular) ', 3.97, 16]","['One-way Ticket (Local Transport) ', 3.4, 13]","['Apartment (3 bedrooms) in City Centre ', 3401.32, 6]",Netherlands,52.3675734,4.9041389,2,Amsterdam,9
€,Antwerp,"['Meal, Inexpensive Restaurant ', 20.0, 6]","['McMeal at McDonalds (or Equivalent Combo Meal) ', 10.0, 15]","['Domestic Beer (0.5 liter draught) ', 4.0, 41]","['Milk (regular), (1 liter) ', 1.22, 41]","['Rice (white), (1kg) ', 2.54, 45]","['Potato (1kg) ', 2.33, 6]","['Water (1.5 liter bottle) ', 0.85, 46]","['Cigarettes 20 Pack (Marlboro) ', 8.5, 27]","['Cappuccino (regular) ', 3.52, 38]","['One-way Ticket (Local Transport) ', 2.5, 37]","['Apartment (3 bedrooms) in City Centre ', 1490.0, 76]",Belgium,51.2213404,4.4051485,2,Antwerp,55
€,Athens,"['Meal, Inexpensive Restaurant ', 15.0, 16]","['McMeal at McDonalds (or Equivalent Combo Meal) ', 9.0, 27]","['Domestic Beer (0.5 liter draught) ', 5.0, 30]","['Milk (regular), (1 liter) ', 1.55, 19]","['Rice (white), (1kg) ', 2.51, 47]","['Potato (1kg) ', 1.14, 72]","['Water (1.5 liter bottle) ', 0.87, 44]","['Cigarettes 20 Pack (Marlboro) ', 4.6, 64]","['Cappuccino (regular) ', 3.42, 44]","['One-way Ticket (Local Transport) ', 1.2, 54]","['Apartment (3 bedrooms) in City Centre ', 1083.9, 126]",Greece,37.9838096,23.7275388,2,Athens,108
€,Barcelona,"['Meal, Inexpensive Restaurant ', 15.0, 16]","['McMeal at McDonalds (or Equivalent Combo Meal) ', 11.0, 10]","['Domestic Beer (0.5 liter draught) ', 3.5, 48]","['Milk (regular), (1 liter) ', 1.06, 54]","['Rice (white), (1kg) ', 1.61, 95]","['Potato (1kg) ', 1.68, 34]","['Water (1.5 liter bottle) ', 0.79, 52]","['Cigarettes 20 Pack (Marlboro) ', 5.48, 49]","['Cappuccino (regular) ', 2.3, 88]","['One-way Ticket (Local Transport) ', 2.55, 36]","['Apartment (3 bedrooms) in City Centre ', 2054.53, 37]",Spain,41.3873974,2.168568,2,Barcelona,87
€,Bari,"['Meal, Inexpensive Restaurant ', 15.0, 16]","['McMeal at McDonalds (or Equivalent Combo Meal) ', 11.0, 10]","['Domestic Beer (0.5 liter draught) ', 3.25, 50]","['Milk (regular), (1 liter) ', 1.57, 17]","['Rice (white), (1kg) ', 2.33, 54]","['Potato (1kg) ', 1.35, 60]","['Water (1.5 liter bottle) ', 0.64, 65]","['Cigarettes 20 Pack (Marlboro) ', 5.5, 48]","['Cappuccino (regular) ', 1.56, 118]","['One-way Ticket (Local Transport) ', 1.15, 55]","['Apartment (3 bedrooms) in City Centre ', 1266.67, 106]",Italy,41.1171432,16.8718715,2,Bari,130
€,Berlin,"['Meal, Inexpensive Restaurant ', 15.0, 16]","['McMeal at McDonalds (or Equivalent Combo Meal) ', 11.0, 10]","['Domestic Beer (0.5 liter draught) ', 4.1, 40]","['Milk (regular), (1 liter) ', 1.08, 52]","['Rice (white), (1kg) ', 2.83, 19]","['Potato (1kg) ', 1.7, 32]","['Water (1.5 liter bottle) ', 0.83, 48]","['Cigarettes 20 Pack (Marlboro) ', 8.2, 29]","['Cappuccino (regular) ', 3.69, 29]","['One-way Ticket (Local Transport) ', 3.5, 11]","['Apartment (3 bedrooms) in City Centre ', 2323.6, 22]",Germany,52.5200066,13.404954,2,Berlin,23
€,Bielefeld,"['Meal, Inexpensive Restaurant ', 12.0, 30]","['McMeal at McDonalds (or Equivalent Combo Meal) ', 11.0, 10]","['Domestic Beer (0.5 liter draught) ', 4.0, 41]","['Milk (regular), (1 liter) ', 1.0, 60]","['Rice (white), (1kg) ', 2.73, 29]","['Potato (1kg) ', 1.48, 49]","['Water (1.5 liter bottle) ', 0.84, 47]","['Cigarettes 20 Pack (Marlboro) ', 8.2, 29]","['Cappuccino (regular) ', 3.12, 62]","['One-way Ticket (Local Transport) ', 3.1, 25]","['Apartment (3 bedrooms) in City Centre ', 1025.0, 133]",Germany,52.0302285,8.5324708,2,Bielefeld,100
€,Bilbao,"['Meal, Inexpensive Restaurant ', 14.0, 20]","['McMeal at McDonalds (or Equivalent Combo Meal) ', 8.75, 29]","['Domestic Beer (0.5 liter draught) ', 3.0, 54]","['Milk (regular), (1 liter) ', 1.09, 51]","['Rice (white), (1kg) ', 1.27, 110]","['Potato (1kg) ', 1.28, 63]","['Water (1.5 liter bottle) ', 0.86, 45]","['Cigarettes 20 Pack (Marlboro) ', 5.25, 53]","['Cappuccino (regular) ', 1.76, 108]","['One-way Ticket (Local Transport) ', 1.7, 49]","['Apartment (3 bedrooms) in City Centre ', 1400.0, 85]",Spain,43.2630126,-2.9349852,2,Bilbao,131
€,Birmingham,"['Meal, Inexpensive Restaurant ', 17.8, 12]","['McMeal at McDonalds (or Equivalent Combo Meal) ', 8.31, 33]","['Domestic Beer (0.5 liter draught) ', 5.93, 18]","['Milk (regular), (1 liter) ', 1.51, 22]","['Rice (white), (1kg) ', 2.11, 70]","['Potato (1kg) ', 1.46, 51]","['Water (1.5 liter bottle) ', 0.99, 35]","['Cigarettes 20 Pack (Marlboro) ', 16.61, 5]","['Cappuccino (regular) ', 3.97, 16]","['One-way Ticket (Local Transport) ', 2.37, 40]","['Apartment (3 bedrooms) in City Centre ', 1994.99, 41]", United Kingdom,52.486243,-1.890401,1,Birmingham,29
€,Bochum,"['Meal, Inexpensive Restaurant ', 15.0, 16]","['McMeal at McDonalds (or Equivalent Combo Meal) ', 10.0, 15]","['Domestic Beer (0.5 liter draught) ', 5.3, 28]","['Milk (regular), (1 liter) ', 1.0, 60]","['Rice (white), (1kg) ', 2.79, 23]","['Potato (1kg) ', 1.85, 23]","['Water (1.5 liter bottle) ', 0.84, 47]","['Cigarettes 20 Pack (Marlboro) ', 8.2, 29]","['Cappuccino (regular) ', 3.26, 56]","['One-way Ticket (Local Transport) ', 3.05, 26]","['Apartment (3 bedrooms) in City Centre ', 1100.0, 124]",Germany,51.4818445,7.2162363,2,Bochum,83
€,Bologna,"['Meal, Inexpensive Restaurant ', 18.0, 11]","['McMeal at McDonalds (or Equivalent Combo Meal) ', 10.0, 15]","['Domestic Beer (0.5 liter draught) ', 5.0, 30]","['Milk (regular), (1 liter) ', 1.57, 17]","['Rice (white), (1kg) ', 2.73, 29]","['Potato (1kg) ', 2.28, 10]","['Water (1.5 liter bottle) ', 0.48, 75]","['Cigarettes 20 Pack (Marlboro) ', 6.0, 40]","['Cappuccino (regular) ', 1.6, 116]","['One-way Ticket (Local Transport) ', 1.5, 51]","['Apartment (3 bedrooms) in City Centre ', 1736.24, 61]",Italy,44.494887,11.3426163,2,Bologna,94
€,Bonn,"['Meal, Inexpensive Restaurant ', 14.5, 18]","['McMeal at McDonalds (or Equivalent Combo Meal) ', 10.0, 15]","['Domestic Beer (0.5 liter draught) ', 4.5, 35]","['Milk (regular), (1 liter) ', 1.07, 53]","['Rice (white), (1kg) ', 2.69, 32]","['Potato (1kg) ', 1.42, 55]","['Water (1.5 liter bottle) ', 0.93, 39]","['Cigarettes 20 Pack (Marlboro) ', 8.2, 29]","['Cappuccino (regular) ', 3.06, 65]","['One-way Ticket (Local Transport) ', 3.2, 21]","['Apartment (3 bedrooms) in City Centre ', 1700.0, 63]",Germany,50.73743,7.0982068,2,Bonn,64
€,Bordeaux,"['Meal, Inexpensive Restaurant ', 16.0, 15]","['McMeal at McDonalds (or Equivalent Combo Meal) ', 10.5, 13]","['Domestic Beer (0.5 liter draught) ', 7.0, 9]","['Milk (regular), (1 liter) ', 1.09, 51]","['Rice (white), (1kg) ', 2.65, 36]","['Potato (1kg) ', 2.17, 14]","['Water (1.5 liter bottle) ', 0.69, 61]","['Cigarettes 20 Pack (Marlboro) ', 11.0, 18]","['Cappuccino (regular) ', 3.42, 44]","['One-way Ticket (Local Transport) ', 1.8, 47]","['Apartment (3 bedrooms) in City Centre ', 1383.33, 86]", France,44.837789,-0.57918,2,Bordeaux,54
€,Bratislava,"['Meal, Inexpensive Restaurant ', 10.0, 42]","['McMeal at McDonalds (or Equivalent Combo Meal) ', 8.0, 37]","['Domestic Beer (0.5 liter draught) ', 2.5, 61]","['Milk (regular), (1 liter) ', 1.09, 51]","['Rice (white), (1kg) ', 1.75, 88]","['Potato (1kg) ', 1.51, 46]","['Water (1.5 liter bottle) ', 0.78, 53]","['Cigarettes 20 Pack (Marlboro) ', 5.0, 60]","['Cappuccino (regular) ', 2.61, 84]","['One-way Ticket (Local Transport) ', 1.1, 57]","['Apartment (3 bedrooms) in City Centre ', 1232.69, 109]",Slovakia,48.1485965,17.1077477,3,Bratislava,143
€,Bremen,"['Meal, Inexpensive Restaurant ', 13.5, 22]","['McMeal at McDonalds (or Equivalent Combo Meal) ', 10.0, 15]","['Domestic Beer (0.5 liter draught) ', 4.85, 32]","['Milk (regular), (1 liter) ', 1.1, 50]","['Rice (white), (1kg) ', 2.75, 27]","['Potato (1kg) ', 1.5, 47]","['Water (1.5 liter bottle) ', 0.99, 35]","['Cigarettes 20 Pack (Marlboro) ', 8.2, 29]","['Cappuccino (regular) ', 3.68, 30]","['One-way Ticket (Local Transport) ', 3.0, 27]","['Apartment (3 bedrooms) in City Centre ', 1266.67, 106]",Germany,53.0792962,8.8016937,2,Bremen,67
€,Brno,"['Meal, Inexpensive Restaurant ', 6.79, 55]","['McMeal at McDonalds (or Equivalent Combo Meal) ', 7.39, 43]","['Domestic Beer (0.5 liter draught) ', 2.0, 66]","['Milk (regular), (1 liter) ', 0.93, 67]","['Rice (white), (1kg) ', 2.02, 74]","['Potato (1kg) ', 1.11, 74]","['Water (1.5 liter bottle) ', 0.57, 71]","['Cigarettes 20 Pack (Marlboro) ', 5.99, 41]","['Cappuccino (regular) ', 2.5, 85]","['One-way Ticket (Local Transport) ', 1.0, 61]","['Apartment (3 bedrooms) in City Centre ', 1070.89, 127]",Czech Republic,49.1950602,16.6068371,3,Brno,153
€,Bucharest,"['Meal, Inexpensive Restaurant ', 11.06, 34]","['McMeal at McDonalds (or Equivalent Combo Meal) ', 7.04, 44]","['Domestic Beer (0.5 liter draught) ', 3.02, 53]","['Milk (regular), (1 liter) ', 1.58, 16]","['Rice (white), (1kg) ', 1.62, 94]","['Potato (1kg) ', 1.02, 77]","['Water (1.5 liter bottle) ', 0.75, 56]","['Cigarettes 20 Pack (Marlboro) ', 5.43, 51]","['Cappuccino (regular) ', 2.89, 75]","['One-way Ticket (Local Transport) ', 0.6, 70]","['Apartment (3 bedrooms) in City Centre ', 908.56, 144]",Romania,44.4267674,26.1025384,3,Bucharest,149
€,Budapest,"['Meal, Inexpensive Restaurant ', 10.19, 40]","['McMeal at McDonalds (or Equivalent Combo Meal) ', 7.64, 40]","['Domestic Beer (0.5 liter draught) ', 2.55, 60]","['Milk (regular), (1 liter) ', 0.99, 61]","['Rice (white), (1kg) ', 1.86, 82]","['Potato (1kg) ', 1.13, 73]","['Water (1.5 liter bottle) ', 0.48, 75]","['Cigarettes 20 Pack (Marlboro) ', 5.6, 46]","['Cappuccino (regular) ', 2.2, 90]","['One-way Ticket (Local Transport) ', 1.15, 55]","['Apartment (3 bedrooms) in City Centre ', 1014.36, 135]",Hungary,47.497912,19.040235,3,Budapest,151
€,Burgos Spain,"['Meal, Inexpensive Restaurant ', 12.0, 30]","['McMeal at McDonalds (or Equivalent Combo Meal) ', 7.5, 41]","['Domestic Beer (0.5 liter draught) ', 2.75, 56]","['Milk (regular), (1 liter) ', 1.09, 51]","['Rice (white), (1kg) ', 1.51, 97]","['Potato (1kg) ', 1.38, 57]","['Water (1.5 liter bottle) ', 0.62, 66]","['Cigarettes 20 Pack (Marlboro) ', 4.38, 68]","['Cappuccino (regular) ', 1.58, 117]","['One-way Ticket (Local Transport) ', 1.2, 54]","['Apartment (3 bedrooms) in City Centre ', 875.0, 147]", Spain,42.3504659,-3.6893545,2,Burgos,163
€,Bydgoszcz,"['Meal, Inexpensive Restaurant ', 7.02, 54]","['McMeal at McDonalds (or Equivalent Combo Meal) ', 7.02, 45]","['Domestic Beer (0.5 liter draught) ', 2.81, 55]","['Milk (regular), (1 liter) ', 0.9, 70]","['Rice (white), (1kg) ', 0.82, 121]","['Potato (1kg) ', 0.67, 95]","['Water (1.5 liter bottle) ', 0.48, 75]","['Cigarettes 20 Pack (Marlboro) ', 4.33, 69]","['Cappuccino (regular) ', 3.08, 64]","['One-way Ticket (Local Transport) ', 0.89, 65]","['Apartment (3 bedrooms) in City Centre ', 1053.21, 132]",Poland,53.1234804,18.0084378,3,Bydgoszcz,162
€,Cadiz Spain,"['Meal, Inexpensive Restaurant ', 12.0, 30]","['McMeal at McDonalds (or Equivalent Combo Meal) ', 8.0, 37]","['Domestic Beer (0.5 liter draught) ', 2.65, 58]","['Milk (regular), (1 liter) ', 0.93, 67]","['Rice (white), (1kg) ', 1.15, 115]","['Potato (1kg) ', 0.85, 86]","['Water (1.5 liter bottle) ', 0.84, 47]","['Cigarettes 20 Pack (Marlboro) ', 5.5, 48]","['Cappuccino (regular) ', 1.79, 107]","['One-way Ticket (Local Transport) ', 1.1, 57]","['Apartment (3 bedrooms) in City Centre ', 966.67, 139]", Spain,36.5210142,-6.2804565,2,Cadiz,155
€,Cardiff,"['Meal, Inexpensive Restaurant ', 17.8, 12]","['McMeal at McDonalds (or Equivalent Combo Meal) ', 8.31, 33]","['Domestic Beer (0.5 liter draught) ', 5.34, 27]","['Milk (regular), (1 liter) ', 1.54, 20]","['Rice (white), (1kg) ', 2.43, 50]","['Potato (1kg) ', 1.36, 59]","['Water (1.5 liter bottle) ', 1.32, 20]","['Cigarettes 20 Pack (Marlboro) ', 16.91, 3]","['Cappuccino (regular) ', 3.96, 17]","['One-way Ticket (Local Transport) ', 2.61, 34]","['Apartment (3 bedrooms) in City Centre ', 2008.76, 39]", United Kingdom,51.483707,-3.1680962,1,Cardiff,26
€,Cluj-Napoca,"['Meal, Inexpensive Restaurant ', 10.05, 41]","['McMeal at McDonalds (or Equivalent Combo Meal) ', 6.03, 51]","['Domestic Beer (0.5 liter draught) ', 2.81, 55]","['Milk (regular), (1 liter) ', 1.44, 28]","['Rice (white), (1kg) ', 1.55, 96]","['Potato (1kg) ', 0.85, 86]","['Water (1.5 liter bottle) ', 0.72, 59]","['Cigarettes 20 Pack (Marlboro) ', 5.23, 54]","['Cappuccino (regular) ', 2.84, 78]","['One-way Ticket (Local Transport) ', 0.6, 70]","['Apartment (3 bedrooms) in City Centre ', 958.95, 140]",Romania,46.7712101,23.6236353,3,Cluj-Napoca,156
€,Cologne,"['Meal, Inexpensive Restaurant ', 13.0, 25]","['McMeal at McDonalds (or Equivalent Combo Meal) ', 10.0, 15]","['Domestic Beer (0.5 liter draught) ', 4.0, 41]","['Milk (regular), (1 liter) ', 1.04, 56]","['Rice (white), (1kg) ', 2.9, 16]","['Potato (1kg) ', 1.48, 49]","['Water (1.5 liter bottle) ', 0.76, 55]","['Cigarettes 20 Pack (Marlboro) ', 8.2, 29]","['Cappuccino (regular) ', 3.64, 31]","['One-way Ticket (Local Transport) ', 3.2, 21]","['Apartment (3 bedrooms) in City Centre ', 1795.42, 55]",Germany,50.937531,6.9602786,2,Cologne,47
€,Constanta,"['Meal, Inexpensive Restaurant ', 11.53, 31]","['McMeal at McDonalds (or Equivalent Combo Meal) ', 6.03, 51]","['Domestic Beer (0.5 liter draught) ', 2.01, 65]","['Milk (regular), (1 liter) ', 1.64, 11]","['Rice (white), (1kg) ', 1.77, 87]","['Potato (1kg) ', 0.82, 89]","['Water (1.5 liter bottle) ', 0.72, 59]","['Cigarettes 20 Pack (Marlboro) ', 5.13, 57]","['Cappuccino (regular) ', 2.7, 81]","['One-way Ticket (Local Transport) ', 0.6, 70]","['Apartment (3 bedrooms) in City Centre ', 793.44, 155]",Romania,44.1598013,28.6348138,3,Constanta,160
€,Copenhagen,"['Meal, Inexpensive Restaurant ', 20.11, 5]","['McMeal at McDonalds (or Equivalent Combo Meal) ', 13.41, 4]","['Domestic Beer (0.5 liter draught) ', 8.04, 5]","['Milk (regular), (1 liter) ', 1.83, 5]","['Rice (white), (1kg) ', 2.53, 46]","['Potato (1kg) ', 2.16, 15]","['Water (1.5 liter bottle) ', 1.53, 12]","['Cigarettes 20 Pack (Marlboro) ', 8.45, 28]","['Cappuccino (regular) ', 5.97, 1]","['One-way Ticket (Local Transport) ', 3.22, 20]","['Apartment (3 bedrooms) in City Centre ', 2924.21, 10]",Denmark,55.6760968,12.5683371,1,Copenhagen,8
€,Cordoba,"['Meal, Inexpensive Restaurant ', 8.14, 51]","['McMeal at McDonalds (or Equivalent Combo Meal) ', 6.72, 48]","['Domestic Beer (0.5 liter draught) ', 1.54, 67]","['Milk (regular), (1 liter) ', 1.19, 43]","['Rice (white), (1kg) ', 1.21, 112]","['Potato (1kg) ', 1.11, 74]","['Water (1.5 liter bottle) ', 1.92, 5]","['Cigarettes 20 Pack (Marlboro) ', 1.81, 75]","['Cappuccino (regular) ', 1.66, 112]","['One-way Ticket (Local Transport) ', 0.59, 71]","['Apartment (3 bedrooms) in City Centre ', 463.41, 160]",Spain,37.8881751,-4.7793835,2,Cordoba,171
€,Cork,"['Meal, Inexpensive Restaurant ', 18.0, 11]","['McMeal at McDonalds (or Equivalent Combo Meal) ', 9.1, 24]","['Domestic Beer (0.5 liter draught) ', 6.0, 17]","['Milk (regular), (1 liter) ', 1.31, 35]","['Rice (white), (1kg) ', 1.81, 84]","['Potato (1kg) ', 2.16, 15]","['Cost of Living in Waterford', 120.63, 2]","['Cigarettes 20 Pack (Marlboro) ', 16.45, 6]","['Cappuccino (regular) ', 3.74, 26]","['One-way Ticket (Local Transport) ', 2.0, 45]","['Apartment (3 bedrooms) in City Centre ', 2636.11, 15]", Ireland,51.8985143,-8.4756035,1,Cork,19
€,Darmstadt,"['Meal, Inexpensive Restaurant ', 18.0, 11]","['McMeal at McDonalds (or Equivalent Combo Meal) ', 10.0, 15]","['Domestic Beer (0.5 liter draught) ', 4.5, 35]","['Milk (regular), (1 liter) ', 1.1, 50]","['Rice (white), (1kg) ', 2.75, 27]","['Potato (1kg) ', 1.45, 52]","['Water (1.5 liter bottle) ', 1.16, 27]","['Cigarettes 20 Pack (Marlboro) ', 8.2, 29]","['Cappuccino (regular) ', 3.44, 43]","['One-way Ticket (Local Transport) ', 3.0, 27]","['Apartment (3 bedrooms) in City Centre ', 2400.0, 20]", Germany,49.8728253,8.6511929,2,Darmstadt,36
€,Delft,"['Meal, Inexpensive Restaurant ', 14.0, 20]","['McMeal at McDonalds (or Equivalent Combo Meal) ', 12.0, 7]","['Domestic Beer (0.5 liter draught) ', 5.0, 30]","['Milk (regular), (1 liter) ', 1.16, 46]","['Rice (white), (1kg) ', 2.66, 35]","['Potato (1kg) ', 1.84, 24]","['Cost of Living in Wateringen', 9.16, 3]","['Cigarettes 20 Pack (Marlboro) ', 12.25, 15]","['Cappuccino (regular) ', 3.3, 52]","['One-way Ticket (Local Transport) ', 2.0, 45]","['Apartment (3 bedrooms) in City Centre ', 2209.83, 29]", Netherlands,52.0115769,4.3570677,2,Delft,37
€,Dijon France,"['Meal, Inexpensive Restaurant ', 16.5, 14]","['McMeal at McDonalds (or Equivalent Combo Meal) ', 10.0, 15]","['Domestic Beer (0.5 liter draught) ', 6.0, 17]","['Milk (regular), (1 liter) ', 0.96, 64]","['Rice (white), (1kg) ', 2.48, 49]","['Potato (1kg) ', 1.8, 28]","['Water (1.5 liter bottle) ', 0.8, 51]","['Cigarettes 20 Pack (Marlboro) ', 10.0, 21]","['Cappuccino (regular) ', 3.5, 40]","['One-way Ticket (Local Transport) ', 1.4, 53]","['Apartment (3 bedrooms) in City Centre ', 874.67, 148]", France,47.322047,5.04148,2,Dijon,93
€,Dortmund,"['Meal, Inexpensive Restaurant ', 15.0, 16]","['McMeal at McDonalds (or Equivalent Combo Meal) ', 11.0, 10]","['Domestic Beer (0.5 liter draught) ', 5.5, 24]","['Milk (regular), (1 liter) ', 1.0, 60]","['Rice (white), (1kg) ', 2.81, 21]","['Potato (1kg) ', 2.1, 17]","['Water (1.5 liter bottle) ', 0.84, 47]","['Cigarettes 20 Pack (Marlboro) ', 8.2, 29]","['Cappuccino (regular) ', 3.47, 42]","['One-way Ticket (Local Transport) ', 3.3, 17]","['Apartment (3 bedrooms) in City Centre ', 1416.67, 84]",Germany,51.5135872,7.4652981,2,Dortmund,46
€,Dresden,"['Meal, Inexpensive Restaurant ', 12.0, 30]","['McMeal at McDonalds (or Equivalent Combo Meal) ', 9.5, 21]","['Domestic Beer (0.5 liter draught) ', 4.5, 35]","['Milk (regular), (1 liter) ', 1.04, 56]","['Rice (white), (1kg) ', 2.67, 34]","['Potato (1kg) ', 1.48, 49]","['Water (1.5 liter bottle) ', 0.78, 53]","['Cigarettes 20 Pack (Marlboro) ', 8.2, 29]","['Cappuccino (regular) ', 3.4, 45]","['One-way Ticket (Local Transport) ', 3.0, 27]","['Apartment (3 bedrooms) in City Centre ', 1295.0, 100]",Germany,51.0504088,13.7372621,2,Dresden,85
€,Dublin,"['Meal, Inexpensive Restaurant ', 20.0, 6]","['McMeal at McDonalds (or Equivalent Combo Meal) ', 10.0, 15]","['Domestic Beer (0.5 liter draught) ', 6.75, 10]","['Milk (regular), (1 liter) ', 1.31, 35]","['Rice (white), (1kg) ', 1.63, 93]","['Potato (1kg) ', 1.95, 20]","['Water (1.5 liter bottle) ', 1.73, 9]","['Cigarettes 20 Pack (Marlboro) ', 16.62, 4]","['Cappuccino (regular) ', 4.04, 14]","['One-way Ticket (Local Transport) ', 2.0, 45]","['Apartment (3 bedrooms) in City Centre ', 3524.36, 5]",Ireland,53.3498053,-6.2603097,1,Dublin,11
€,Duisburg Germany,"['Meal, Inexpensive Restaurant ', 12.0, 30]","['McMeal at McDonalds (or Equivalent Combo Meal) ', 9.0, 27]","['Domestic Beer (0.5 liter draught) ', 4.35, 36]","['Milk (regular), (1 liter) ', 0.99, 61]","['Rice (white), (1kg) ', 2.75, 27]","['Potato (1kg) ', 1.69, 33]","['Water (1.5 liter bottle) ', 0.9, 41]","['Cigarettes 20 Pack (Marlboro) ', 8.2, 29]","['Cappuccino (regular) ', 3.38, 47]","['One-way Ticket (Local Transport) ', 3.0, 27]","['Apartment (3 bedrooms) in City Centre ', 950.0, 142]",Germany,51.4344079,6.7623293,2,Duisburg,102
€,Durham,"['Meal, Inexpensive Restaurant ', 13.56, 21]","['McMeal at McDonalds (or Equivalent Combo Meal) ', 9.49, 22]","['Domestic Beer (0.5 liter draught) ', 5.43, 25]","['Milk (regular), (1 liter) ', 0.7, 73]","['Rice (white), (1kg) ', 5.35, 1]","['Potato (1kg) ', 3.86, 1]","['Water (1.5 liter bottle) ', 0.9, 41]","['Cigarettes 20 Pack (Marlboro) ', 7.69, 31]","['Cappuccino (regular) ', 4.26, 10]","['One-way Ticket (Local Transport) ', 0.45, 75]","['Apartment (3 bedrooms) in City Centre ', 2326.82, 21]", United Kingdom,54.77525,-1.584852,1,Durham,39
€,Dusseldorf,"['Meal, Inexpensive Restaurant ', 15.0, 16]","['McMeal at McDonalds (or Equivalent Combo Meal) ', 10.0, 15]","['Domestic Beer (0.5 liter draught) ', 4.5, 35]","['Milk (regular), (1 liter) ', 1.01, 59]","['Rice (white), (1kg) ', 2.75, 27]","['Potato (1kg) ', 1.69, 33]","['Water (1.5 liter bottle) ', 0.9, 41]","['Cigarettes 20 Pack (Marlboro) ', 8.2, 29]","['Cappuccino (regular) ', 3.54, 37]","['One-way Ticket (Local Transport) ', 3.1, 25]","['Apartment (3 bedrooms) in City Centre ', 1837.06, 53]",Germany,51.2277411,6.7734556,2,Dusseldorf,44
€,Edinburgh,"['Meal, Inexpensive Restaurant ', 18.53, 10]","['McMeal at McDonalds (or Equivalent Combo Meal) ', 9.08, 25]","['Domestic Beer (0.5 liter draught) ', 5.93, 18]","['Milk (regular), (1 liter) ', 1.49, 23]","['Rice (white), (1kg) ', 1.72, 90]","['Potato (1kg) ', 1.44, 53]","['Water (1.5 liter bottle) ', 1.33, 19]","['Cigarettes 20 Pack (Marlboro) ', 17.8, 1]","['Cappuccino (regular) ', 4.13, 11]","['One-way Ticket (Local Transport) ', 2.37, 40]","['Apartment (3 bedrooms) in City Centre ', 2629.42, 16]", United Kingdom,55.953252,-3.188267,1,Edinburgh,15
€,Eindhoven,"['Meal, Inexpensive Restaurant ', 16.0, 15]","['McMeal at McDonalds (or Equivalent Combo Meal) ', 11.0, 10]","['Domestic Beer (0.5 liter draught) ', 5.0, 30]","['Milk (regular), (1 liter) ', 1.12, 48]","['Rice (white), (1kg) ', 2.74, 28]","['Potato (1kg) ', 1.81, 27]","['Water (1.5 liter bottle) ', 0.79, 52]","['Cigarettes 20 Pack (Marlboro) ', 9.0, 25]","['Cappuccino (regular) ', 3.14, 60]","['One-way Ticket (Local Transport) ', 4.0, 5]","['Apartment (3 bedrooms) in City Centre ', 1910.0, 47]", Netherlands,51.4231423,5.4622897,2,Eindhoven,38
€,Enschede,"['Meal, Inexpensive Restaurant ', 13.0, 25]","['McMeal at McDonalds (or Equivalent Combo Meal) ', 11.5, 8]","['Domestic Beer (0.5 liter draught) ', 5.25, 29]","['Milk (regular), (1 liter) ', 1.15, 47]","['Rice (white), (1kg) ', 2.92, 14]","['Potato (1kg) ', 1.84, 24]","['Water (1.5 liter bottle) ', 0.65, 64]","['Cigarettes 20 Pack (Marlboro) ', 9.0, 25]","['Cappuccino (regular) ', 3.32, 51]","['One-way Ticket (Local Transport) ', 2.5, 37]","['Apartment (3 bedrooms) in City Centre ', 2097.5, 34]", Netherlands,52.2215372,6.8936619,2,Enschede,43
€,Espoo,"['Meal, Inexpensive Restaurant ', 15.0, 16]","['McMeal at McDonalds (or Equivalent Combo Meal) ', 11.0, 10]","['Domestic Beer (0.5 liter draught) ', 9.0, 3]","['Milk (regular), (1 liter) ', 1.2, 42]","['Rice (white), (1kg) ', 2.88, 17]","['Potato (1kg) ', 1.34, 61]","['Water (1.5 liter bottle) ', 2.08, 4]","['Cigarettes 20 Pack (Marlboro) ', 11.0, 18]","['Cappuccino (regular) ', 4.72, 7]","['One-way Ticket (Local Transport) ', 3.1, 25]","['Apartment (3 bedrooms) in City Centre ', 1748.21, 59]", Finland,60.2054911,24.6559001,1,Espoo,16
€,Essen,"['Meal, Inexpensive Restaurant ', 14.5, 18]","['McMeal at McDonalds (or Equivalent Combo Meal) ', 11.0, 10]","['Domestic Beer (0.5 liter draught) ', 4.0, 41]","['Milk (regular), (1 liter) ', 1.09, 51]","['Rice (white), (1kg) ', 2.64, 37]","['Potato (1kg) ', 1.61, 39]","['Water (1.5 liter bottle) ', 0.91, 40]","['Cigarettes 20 Pack (Marlboro) ', 8.2, 29]","['Cappuccino (regular) ', 2.95, 73]","['One-way Ticket (Local Transport) ', 3.15, 24]","['Apartment (3 bedrooms) in City Centre ', 1217.67, 111]",Germany,51.4556432,7.0115552,2,Essen,92
€,Exeter,"['Meal, Inexpensive Restaurant ', 17.8, 12]","['McMeal at McDonalds (or Equivalent Combo Meal) ', 9.49, 22]","['Domestic Beer (0.5 liter draught) ', 6.23, 15]","['Milk (regular), (1 liter) ', 1.49, 23]","['Rice (white), (1kg) ', 1.44, 100]","['Potato (1kg) ', 0.89, 83]","['Water (1.5 liter bottle) ', 1.32, 20]","['Cigarettes 20 Pack (Marlboro) ', 17.8, 1]","['Cappuccino (regular) ', 3.96, 17]","['One-way Ticket (Local Transport) ', 2.37, 40]","['Apartment (3 bedrooms) in City Centre ', 2254.56, 26]", United Kingdom,50.7260367,-3.5274889,1,Exeter,22
€,Ferrara,"['Meal, Inexpensive Restaurant ', 15.0, 16]","['McMeal at McDonalds (or Equivalent Combo Meal) ', 10.0, 15]","['Domestic Beer (0.5 liter draught) ', 5.0, 30]","['Milk (regular), (1 liter) ', 1.26, 38]","['Rice (white), (1kg) ', 2.49, 48]","['Potato (1kg) ', 1.5, 47]","['Water (1.5 liter bottle) ', 0.35, 82]","['Cigarettes 20 Pack (Marlboro) ', 6.0, 40]","['Cappuccino (regular) ', 1.68, 110]","['One-way Ticket (Local Transport) ', 1.5, 51]","['Apartment (3 bedrooms) in City Centre ', 1125.0, 120]", Italy,44.8381237,11.619787,2,Ferrara,120
€,Flensburg Germany,"['Meal, Inexpensive Restaurant ', 9.5, 43]","['McMeal at McDonalds (or Equivalent Combo Meal) ', 8.0, 37]","['Domestic Beer (0.5 liter draught) ', 4.0, 41]","['Milk (regular), (1 liter) ', 0.99, 61]","['Rice (white), (1kg) ', 2.72, 30]","['Potato (1kg) ', 1.33, 62]","['Water (1.5 liter bottle) ', 0.79, 52]","['Cigarettes 20 Pack (Marlboro) ', 8.2, 29]","['Cappuccino (regular) ', 3.03, 68]","['One-way Ticket (Local Transport) ', 2.7, 33]","['Apartment (3 bedrooms) in City Centre ', 2000.0, 40]", Germany,54.7937431,9.4469964,2,Flensburg,86
€,Florence,"['Meal, Inexpensive Restaurant ', 15.0, 16]","['McMeal at McDonalds (or Equivalent Combo Meal) ', 10.0, 15]","['Domestic Beer (0.5 liter draught) ', 6.0, 17]","['Milk (regular), (1 liter) ', 1.41, 29]","['Rice (white), (1kg) ', 3.23, 8]","['Potato (1kg) ', 1.67, 35]","['Water (1.5 liter bottle) ', 0.62, 66]","['Cigarettes 20 Pack (Marlboro) ', 6.0, 40]","['Cappuccino (regular) ', 1.61, 115]","['One-way Ticket (Local Transport) ', 1.7, 49]","['Apartment (3 bedrooms) in City Centre ', 1933.65, 45]",Italy,43.7695604,11.2558136,2,Florence,82
€,Frankfurt,"['Meal, Inexpensive Restaurant ', 18.0, 11]","['McMeal at McDonalds (or Equivalent Combo Meal) ', 10.0, 15]","['Domestic Beer (0.5 liter draught) ', 4.9, 31]","['Milk (regular), (1 liter) ', 1.07, 53]","['Rice (white), (1kg) ', 2.78, 24]","['Potato (1kg) ', 1.45, 52]","['Water (1.5 liter bottle) ', 0.77, 54]","['Cigarettes 20 Pack (Marlboro) ', 8.2, 29]","['Cappuccino (regular) ', 3.48, 41]","['One-way Ticket (Local Transport) ', 3.4, 13]","['Apartment (3 bedrooms) in City Centre ', 2213.64, 28]",Germany,50.1109221,8.6821267,2,Frankfurt,31
€,Freiburg,"['Meal, Inexpensive Restaurant ', 15.0, 16]","['McMeal at McDonalds (or Equivalent Combo Meal) ', 10.0, 15]","['Domestic Beer (0.5 liter draught) ', 4.75, 33]","['Milk (regular), (1 liter) ', 1.11, 49]","['Rice (white), (1kg) ', 2.75, 27]","['Potato (1kg) ', 1.45, 52]","['Water (1.5 liter bottle) ', 0.95, 37]","['Cigarettes 20 Pack (Marlboro) ', 8.2, 29]","['Cappuccino (regular) ', 3.27, 55]","['One-way Ticket (Local Transport) ', 2.61, 34]","['Apartment (3 bedrooms) in City Centre ', 1663.33, 66]", Germany,47.9990077,7.8421043,2,Freiburg,62
€,Galati,"['Meal, Inexpensive Restaurant ', 9.05, 48]","['McMeal at McDonalds (or Equivalent Combo Meal) ', 6.53, 49]","['Domestic Beer (0.5 liter draught) ', 2.01, 65]","['Milk (regular), (1 liter) ', 1.36, 32]","['Rice (white), (1kg) ', 1.61, 95]","['Potato (1kg) ', 0.87, 84]","['Water (1.5 liter bottle) ', 0.69, 61]","['Cigarettes 20 Pack (Marlboro) ', 4.92, 61]","['Cappuccino (regular) ', 2.01, 94]","['One-way Ticket (Local Transport) ', 0.5, 74]","['Apartment (3 bedrooms) in City Centre ', 547.85, 159]",Romania,45.4353208,28.0079945,3,Galati,169
€,Galway,"['Meal, Inexpensive Restaurant ', 16.0, 15]","['McMeal at McDonalds (or Equivalent Combo Meal) ', 9.75, 19]","['Domestic Beer (0.5 liter draught) ', 5.5, 24]","['Milk (regular), (1 liter) ', 1.37, 31]","['Rice (white), (1kg) ', 2.06, 71]","['Potato (1kg) ', 1.18, 70]","['Water (1.5 liter bottle) ', 1.46, 14]","['Cigarettes 20 Pack (Marlboro) ', 16.0, 7]","['Cappuccino (regular) ', 3.64, 31]","['One-way Ticket (Local Transport) ', 1.9, 46]","['Apartment (3 bedrooms) in City Centre ', 2655.56, 13]", Ireland,53.274001,-9.0512662,1,Galway,25
€,Gdansk,"['Meal, Inexpensive Restaurant ', 9.36, 45]","['McMeal at McDonalds (or Equivalent Combo Meal) ', 7.02, 45]","['Domestic Beer (0.5 liter draught) ', 3.51, 47]","['Milk (regular), (1 liter) ', 0.88, 72]","['Rice (white), (1kg) ', 1.28, 109]","['Potato (1kg) ', 0.82, 89]","['Water (1.5 liter bottle) ', 0.56, 72]","['Cigarettes 20 Pack (Marlboro) ', 4.33, 69]","['Cappuccino (regular) ', 3.13, 61]","['One-way Ticket (Local Transport) ', 1.12, 56]","['Apartment (3 bedrooms) in City Centre ', 1159.99, 118]",Poland,54.3520252,18.6466384,3,Gdansk,148
€,Geneva,"['Meal, Inexpensive Restaurant ', 27.05, 1]","['McMeal at McDonalds (or Equivalent Combo Meal) ', 15.91, 3]","['Domestic Beer (0.5 liter draught) ', 8.49, 4]","['Milk (regular), (1 liter) ', 1.81, 7]","['Rice (white), (1kg) ', 4.11, 3]","['Potato (1kg) ', 2.31, 7]","['Water (1.5 liter bottle) ', 0.97, 36]","['Cigarettes 20 Pack (Marlboro) ', 9.55, 23]","['Cappuccino (regular) ', 5.12, 4]","['One-way Ticket (Local Transport) ', 3.18, 22]","['Apartment (3 bedrooms) in City Centre ', 4238.71, 3]", Switzerland,46.2043907,6.1431577,1,Geneva,4
€,Genoa,"['Meal, Inexpensive Restaurant ', 15.0, 16]","['McMeal at McDonalds (or Equivalent Combo Meal) ', 10.0, 15]","['Domestic Beer (0.5 liter draught) ', 5.0, 30]","['Milk (regular), (1 liter) ', 1.61, 13]","['Rice (white), (1kg) ', 2.92, 14]","['Potato (1kg) ', 1.46, 51]","['Water (1.5 liter bottle) ', 0.56, 72]","['Cigarettes 20 Pack (Marlboro) ', 6.0, 40]","['Cappuccino (regular) ', 1.73, 109]","['One-way Ticket (Local Transport) ', 2.0, 45]","['Apartment (3 bedrooms) in City Centre ', 1220.0, 110]",Italy,44.4056499,8.946256,2,Genoa,107
€,Gent,"['Meal, Inexpensive Restaurant ', 20.0, 6]","['McMeal at McDonalds (or Equivalent Combo Meal) ', 9.88, 18]","['Domestic Beer (0.5 liter draught) ', 4.5, 35]","['Milk (regular), (1 liter) ', 1.1, 50]","['Rice (white), (1kg) ', 2.42, 51]","['Potato (1kg) ', 1.58, 41]","['Water (1.5 liter bottle) ', 0.79, 52]","['Cigarettes 20 Pack (Marlboro) ', 8.65, 26]","['Cappuccino (regular) ', 3.48, 41]","['One-way Ticket (Local Transport) ', 2.5, 37]","['Apartment (3 bedrooms) in City Centre ', 1272.22, 104]", Belgium,51.0500182,3.7303351,2,Gent,73
€,Glasgow,"['Meal, Inexpensive Restaurant ', 17.8, 12]","['McMeal at McDonalds (or Equivalent Combo Meal) ', 8.31, 33]","['Domestic Beer (0.5 liter draught) ', 5.64, 21]","['Milk (regular), (1 liter) ', 1.47, 25]","['Rice (white), (1kg) ', 2.12, 69]","['Potato (1kg) ', 1.27, 64]","['Water (1.5 liter bottle) ', 1.01, 33]","['Cigarettes 20 Pack (Marlboro) ', 17.73, 2]","['Cappuccino (regular) ', 4.02, 15]","['One-way Ticket (Local Transport) ', 3.35, 14]","['Apartment (3 bedrooms) in City Centre ', 2204.72, 30]", United Kingdom,55.864237,-4.251806,1,Glasgow,18
€,Gothenburg,"['Meal, Inexpensive Restaurant ', 11.44, 33]","['McMeal at McDonalds (or Equivalent Combo Meal) ', 8.58, 31]","['Domestic Beer (0.5 liter draught) ', 6.16, 16]","['Milk (regular), (1 liter) ', 1.46, 26]","['Rice (white), (1kg) ', 2.95, 13]","['Potato (1kg) ', 1.35, 60]","['Water (1.5 liter bottle) ', 1.28, 22]","['Cigarettes 20 Pack (Marlboro) ', 6.42, 35]","['Cappuccino (regular) ', 3.88, 21]","['One-way Ticket (Local Transport) ', 3.17, 23]","['Apartment (3 bedrooms) in City Centre ', 1548.26, 72]",Sweden,57.70887,11.97456,1,Gothenburg,48
€,Gottingen Germany,"['Meal, Inexpensive Restaurant ', 12.5, 28]","['McMeal at McDonalds (or Equivalent Combo Meal) ', 9.25, 23]","['Domestic Beer (0.5 liter draught) ', 3.7, 45]","['Milk (regular), (1 liter) ', 1.02, 58]","['Rice (white), (1kg) ', 2.77, 25]","['Potato (1kg) ', 1.4, 56]","['Water (1.5 liter bottle) ', 1.1, 29]","['Cigarettes 20 Pack (Marlboro) ', 8.2, 29]","['Cappuccino (regular) ', 3.05, 66]","['One-way Ticket (Local Transport) ', 2.4, 39]","['Apartment (3 bedrooms) in City Centre ', 1500.0, 75]", Germany,51.5412804,9.9158035,2,Gottingen,90
€,Granada,"['Meal, Inexpensive Restaurant ', 15.0, 16]","['McMeal at McDonalds (or Equivalent Combo Meal) ', 9.0, 27]","['Domestic Beer (0.5 liter draught) ', 3.25, 50]","['Milk (regular), (1 liter) ', 0.98, 62]","['Rice (white), (1kg) ', 1.25, 111]","['Potato (1kg) ', 1.82, 26]","['Water (1.5 liter bottle) ', 0.91, 40]","['Cigarettes 20 Pack (Marlboro) ', 5.0, 60]","['Cappuccino (regular) ', 1.98, 95]","['One-way Ticket (Local Transport) ', 1.4, 53]","['Apartment (3 bedrooms) in City Centre ', 1000.0, 136]", Spain,37.1774605,-3.5984368,2,Granada,139
€,Graz,"['Meal, Inexpensive Restaurant ', 14.0, 20]","['McMeal at McDonalds (or Equivalent Combo Meal) ', 10.0, 15]","['Domestic Beer (0.5 liter draught) ', 4.5, 35]","['Milk (regular), (1 liter) ', 1.44, 28]","['Rice (white), (1kg) ', 2.48, 49]","['Potato (1kg) ', 1.97, 19]","['Water (1.5 liter bottle) ', 1.04, 31]","['Cigarettes 20 Pack (Marlboro) ', 6.4, 36]","['Cappuccino (regular) ', 3.59, 35]","['One-way Ticket (Local Transport) ', 3.0, 27]","['Apartment (3 bedrooms) in City Centre ', 1366.15, 89]", Austria,47.070714,15.439504,2,Graz,61
€,Grenoble,"['Meal, Inexpensive Restaurant ', 15.0, 16]","['McMeal at McDonalds (or Equivalent Combo Meal) ', 10.0, 15]","['Domestic Beer (0.5 liter draught) ', 6.0, 17]","['Milk (regular), (1 liter) ', 1.18, 44]","['Rice (white), (1kg) ', 2.35, 53]","['Potato (1kg) ', 2.27, 11]","['Water (1.5 liter bottle) ', 1.02, 32]","['Cigarettes 20 Pack (Marlboro) ', 12.0, 16]","['Cappuccino (regular) ', 2.97, 71]","['One-way Ticket (Local Transport) ', 1.9, 46]","['Apartment (3 bedrooms) in City Centre ', 1260.0, 107]", France,45.188529,5.724524,2,Grenoble,78
€,Groningen,"['Meal, Inexpensive Restaurant ', 15.0, 16]","['McMeal at McDonalds (or Equivalent Combo Meal) ', 11.5, 8]","['Domestic Beer (0.5 liter draught) ', 5.0, 30]","['Milk (regular), (1 liter) ', 1.09, 51]","['Rice (white), (1kg) ', 2.91, 15]","['Potato (1kg) ', 1.85, 23]","['Water (1.5 liter bottle) ', 0.62, 66]","['Cigarettes 20 Pack (Marlboro) ', 8.5, 27]","['Cappuccino (regular) ', 3.09, 63]","['One-way Ticket (Local Transport) ', 2.5, 37]","['Apartment (3 bedrooms) in City Centre ', 1437.5, 81]", Netherlands,53.2193835,6.5665018,2,Groningen,67
€,Hamburg,"['Meal, Inexpensive Restaurant ', 15.0, 16]","['McMeal at McDonalds (or Equivalent Combo Meal) ', 10.0, 15]","['Domestic Beer (0.5 liter draught) ', 5.0, 30]","['Milk (regular), (1 liter) ', 1.08, 52]","['Rice (white), (1kg) ', 2.78, 24]","['Potato (1kg) ', 1.64, 37]","['Water (1.5 liter bottle) ', 0.9, 41]","['Cigarettes 20 Pack (Marlboro) ', 8.2, 29]","['Cappuccino (regular) ', 3.93, 19]","['One-way Ticket (Local Transport) ', 3.4, 13]","['Apartment (3 bedrooms) in City Centre ', 1950.0, 43]",Germany,53.5488282,9.9871703,2,Hamburg,28
€,Hanover,"['Meal, Inexpensive Restaurant ', 13.0, 25]","['McMeal at McDonalds (or Equivalent Combo Meal) ', 9.9, 17]","['Domestic Beer (0.5 liter draught) ', 4.5, 35]","['Milk (regular), (1 liter) ', 1.03, 57]","['Rice (white), (1kg) ', 2.67, 34]","['Potato (1kg) ', 1.42, 55]","['Water (1.5 liter bottle) ', 0.81, 50]","['Cigarettes 20 Pack (Marlboro) ', 8.2, 29]","['Cappuccino (regular) ', 3.28, 54]","['One-way Ticket (Local Transport) ', 3.2, 21]","['Apartment (3 bedrooms) in City Centre ', 1476.67, 79]",Germany,52.3758916,9.7320104,2,Hanover,69
€,Heidelberg,"['Meal, Inexpensive Restaurant ', 13.5, 22]","['McMeal at McDonalds (or Equivalent Combo Meal) ', 10.0, 15]","['Domestic Beer (0.5 liter draught) ', 4.5, 35]","['Milk (regular), (1 liter) ', 1.0, 60]","['Rice (white), (1kg) ', 2.76, 26]","['Potato (1kg) ', 1.52, 45]","['Water (1.5 liter bottle) ', 0.89, 42]","['Cigarettes 20 Pack (Marlboro) ', 8.2, 29]","['Cappuccino (regular) ', 3.57, 36]","['One-way Ticket (Local Transport) ', 3.0, 27]","['Apartment (3 bedrooms) in City Centre ', 1940.0, 44]", Germany,49.3987524,8.6724335,2,Heidelberg,45
€,Helsinki,"['Meal, Inexpensive Restaurant ', 16.0, 15]","['McMeal at McDonalds (or Equivalent Combo Meal) ', 10.9, 11]","['Domestic Beer (0.5 liter draught) ', 8.0, 6]","['Milk (regular), (1 liter) ', 1.29, 36]","['Rice (white), (1kg) ', 2.75, 27]","['Potato (1kg) ', 1.2, 68]","['Water (1.5 liter bottle) ', 1.86, 7]","['Cigarettes 20 Pack (Marlboro) ', 10.5, 20]","['Cappuccino (regular) ', 4.5, 8]","['One-way Ticket (Local Transport) ', 2.95, 28]","['Apartment (3 bedrooms) in City Centre ', 1774.31, 58]",Finland,60.1698557,24.938379,1,Helsinki,20
€,Iasi,"['Meal, Inexpensive Restaurant ', 8.04, 52]","['McMeal at McDonalds (or Equivalent Combo Meal) ', 6.03, 51]","['Domestic Beer (0.5 liter draught) ', 2.01, 65]","['Milk (regular), (1 liter) ', 1.33, 33]","['Rice (white), (1kg) ', 1.51, 97]","['Potato (1kg) ', 0.83, 88]","['Water (1.5 liter bottle) ', 0.69, 61]","['Cigarettes 20 Pack (Marlboro) ', 5.18, 56]","['Cappuccino (regular) ', 2.21, 89]","['One-way Ticket (Local Transport) ', 0.7, 68]","['Apartment (3 bedrooms) in City Centre ', 602.7, 158]",Romania,47.1584549,27.6014418,3,Iasi,168
€,Innsbruck,"['Meal, Inexpensive Restaurant ', 12.5, 28]","['McMeal at McDonalds (or Equivalent Combo Meal) ', 10.0, 15]","['Domestic Beer (0.5 liter draught) ', 4.5, 35]","['Milk (regular), (1 liter) ', 1.37, 31]","['Rice (white), (1kg) ', 1.88, 80]","['Potato (1kg) ', 1.56, 43]","['Water (1.5 liter bottle) ', 0.71, 60]","['Cigarettes 20 Pack (Marlboro) ', 6.5, 34]","['Cappuccino (regular) ', 3.7, 28]","['One-way Ticket (Local Transport) ', 2.8, 31]","['Apartment (3 bedrooms) in City Centre ', 1866.67, 51]", Austria,47.2692124,11.4041024,2,Innsbruck,56
€,Istanbul,"['Meal, Inexpensive Restaurant ', 9.32, 46]","['McMeal at McDonalds (or Equivalent Combo Meal) ', 6.79, 47]","['Domestic Beer (0.5 liter draught) ', 3.86, 43]","['Milk (regular), (1 liter) ', 0.97, 63]","['Rice (white), (1kg) ', 1.66, 92]","['Potato (1kg) ', 0.61, 96]","['Water (1.5 liter bottle) ', 0.35, 82]","['Cigarettes 20 Pack (Marlboro) ', 1.86, 74]","['Cappuccino (regular) ', 2.95, 73]","['One-way Ticket (Local Transport) ', 0.53, 72]","['Apartment (3 bedrooms) in City Centre ', 1520.26, 74]", Turkey,41.0082376,28.9783589,3,Istanbul,145
€,Jena Germany,"['Meal, Inexpensive Restaurant ', 10.0, 42]","['McMeal at McDonalds (or Equivalent Combo Meal) ', 9.0, 27]","['Domestic Beer (0.5 liter draught) ', 3.75, 44]","['Milk (regular), (1 liter) ', 1.1, 50]","['Rice (white), (1kg) ', 2.59, 41]","['Potato (1kg) ', 1.36, 59]","['Water (1.5 liter bottle) ', 1.37, 16]","['Cigarettes 20 Pack (Marlboro) ', 8.2, 29]","['Cappuccino (regular) ', 2.82, 79]","['One-way Ticket (Local Transport) ', 2.3, 41]","['Apartment (3 bedrooms) in City Centre ', 1125.0, 120]", Germany,50.927054,11.5892372,2,Jena ,117
€,Karlsruhe,"['Meal, Inexpensive Restaurant ', 15.0, 16]","['McMeal at McDonalds (or Equivalent Combo Meal) ', 9.0, 27]","['Domestic Beer (0.5 liter draught) ', 4.15, 39]","['Milk (regular), (1 liter) ', 1.02, 58]","['Rice (white), (1kg) ', 2.75, 27]","['Potato (1kg) ', 1.47, 50]","['Water (1.5 liter bottle) ', 0.89, 42]","['Cigarettes 20 Pack (Marlboro) ', 8.2, 29]","['Cappuccino (regular) ', 3.38, 47]","['One-way Ticket (Local Transport) ', 3.1, 25]","['Apartment (3 bedrooms) in City Centre ', 1561.11, 70]",Germany,49.0068901,8.4036527,2,Karlsruhe,66
€,Kaunas,"['Meal, Inexpensive Restaurant ', 10.0, 42]","['McMeal at McDonalds (or Equivalent Combo Meal) ', 7.42, 42]","['Domestic Beer (0.5 liter draught) ', 4.5, 35]","['Milk (regular), (1 liter) ', 1.31, 35]","['Rice (white), (1kg) ', 2.21, 64]","['Potato (1kg) ', 0.86, 85]","['Water (1.5 liter bottle) ', 0.94, 38]","['Cigarettes 20 Pack (Marlboro) ', 5.0, 60]","['Cappuccino (regular) ', 3.0, 70]","['One-way Ticket (Local Transport) ', 1.0, 61]","['Apartment (3 bedrooms) in City Centre ', 1025.0, 133]",Lithuania,54.8985207,23.9035965,3,Kaunas,140
€,Klagenfurt Austria,"['Meal, Inexpensive Restaurant ', 15.0, 16]","['McMeal at McDonalds (or Equivalent Combo Meal) ', 10.0, 15]","['Domestic Beer (0.5 liter draught) ', 4.5, 35]","['Milk (regular), (1 liter) ', 1.32, 34]","['Rice (white), (1kg) ', 2.32, 55]","['Potato (1kg) ', 1.83, 25]","['Water (1.5 liter bottle) ', 0.61, 67]","['Cigarettes 20 Pack (Marlboro) ', 6.0, 40]","['Cappuccino (regular) ', 3.4, 45]","['One-way Ticket (Local Transport) ', 2.5, 37]","['Apartment (3 bedrooms) in City Centre ', 1220.0, 110]", Austria,46.6364598,14.3122246,2,Klagenfurt,88
€,Koblenz Germany,"['Meal, Inexpensive Restaurant ', 13.0, 25]","['McMeal at McDonalds (or Equivalent Combo Meal) ', 8.7, 30]","['Domestic Beer (0.5 liter draught) ', 4.0, 41]","['Milk (regular), (1 liter) ', 1.04, 56]","['Rice (white), (1kg) ', 2.75, 27]","['Potato (1kg) ', 1.48, 49]","['Water (1.5 liter bottle) ', 0.76, 55]","['Cigarettes 20 Pack (Marlboro) ', 8.2, 29]","['Cappuccino (regular) ', 3.29, 53]","['One-way Ticket (Local Transport) ', 4.12, 3]","['Apartment (3 bedrooms) in City Centre ', 1283.33, 101]", Germany,50.3569429,7.5889959,2,Koblenz ,81
€,Konstanz Germany,"['Meal, Inexpensive Restaurant ', 15.0, 16]","['McMeal at McDonalds (or Equivalent Combo Meal) ', 11.5, 8]","['Domestic Beer (0.5 liter draught) ', 4.2, 38]","['Milk (regular), (1 liter) ', 1.01, 59]","['Rice (white), (1kg) ', 2.72, 30]","['Potato (1kg) ', 1.56, 43]","['Water (1.5 liter bottle) ', 0.71, 60]","['Cigarettes 20 Pack (Marlboro) ', 8.0, 30]","['Cappuccino (regular) ', 3.37, 48]","['One-way Ticket (Local Transport) ', 2.9, 29]","['Apartment (3 bedrooms) in City Centre ', 2419.92, 19]", Germany,47.6779808,9.1736741,2,Konstanz,41
€,Krakow Cracow,"['Meal, Inexpensive Restaurant ', 9.36, 45]","['McMeal at McDonalds (or Equivalent Combo Meal) ', 8.19, 35]","['Domestic Beer (0.5 liter draught) ', 3.51, 47]","['Milk (regular), (1 liter) ', 0.92, 68]","['Rice (white), (1kg) ', 1.33, 107]","['Potato (1kg) ', 0.84, 87]","['Water (1.5 liter bottle) ', 0.58, 70]","['Cigarettes 20 Pack (Marlboro) ', 4.56, 65]","['Cappuccino (regular) ', 3.34, 50]","['One-way Ticket (Local Transport) ', 1.4, 53]","['Apartment (3 bedrooms) in City Centre ', 1375.32, 88]",Poland,50.0646501,19.9449799,3,Krakow,132
€,Las Palmas,"['Meal, Inexpensive Restaurant ', 10.5, 37]","['McMeal at McDonalds (or Equivalent Combo Meal) ', 8.5, 32]","['Domestic Beer (0.5 liter draught) ', 2.25, 63]","['Milk (regular), (1 liter) ', 1.02, 58]","['Rice (white), (1kg) ', 2.25, 61]","['Potato (1kg) ', 1.0, 79]","['Water (1.5 liter bottle) ', 0.57, 71]","['Cigarettes 20 Pack (Marlboro) ', 4.0, 71]","['Cappuccino (regular) ', 1.73, 109]","['One-way Ticket (Local Transport) ', 1.4, 53]","['Apartment (3 bedrooms) in City Centre ', 1350.0, 93]",Spain,28.1008837,-15.4653897,2,Las Palmas,147
€,Lausanne,"['Meal, Inexpensive Restaurant ', 26.52, 2]","['McMeal at McDonalds (or Equivalent Combo Meal) ', 15.91, 3]","['Domestic Beer (0.5 liter draught) ', 8.49, 4]","['Milk (regular), (1 liter) ', 1.87, 4]","['Rice (white), (1kg) ', 4.37, 2]","['Potato (1kg) ', 2.37, 5]","['Water (1.5 liter bottle) ', 1.24, 23]","['Cigarettes 20 Pack (Marlboro) ', 9.65, 22]","['Cappuccino (regular) ', 5.19, 3]","['One-way Ticket (Local Transport) ', 3.93, 6]","['Apartment (3 bedrooms) in City Centre ', 3010.3, 9]", Switzerland,46.5196535,6.6322734,1,Lausanne,2
€,Leeds,"['Meal, Inexpensive Restaurant ', 17.8, 12]","['McMeal at McDonalds (or Equivalent Combo Meal) ', 9.02, 26]","['Domestic Beer (0.5 liter draught) ', 5.58, 23]","['Milk (regular), (1 liter) ', 1.41, 29]","['Rice (white), (1kg) ', 2.23, 62]","['Potato (1kg) ', 1.21, 67]","['Water (1.5 liter bottle) ', 1.63, 10]","['Cigarettes 20 Pack (Marlboro) ', 15.37, 9]","['Cappuccino (regular) ', 3.9, 20]","['One-way Ticket (Local Transport) ', 2.37, 40]","['Apartment (3 bedrooms) in City Centre ', 2168.11, 31]", United Kingdom,53.8007554,-1.5490774,1,Leeds,27
€,Leipzig,"['Meal, Inexpensive Restaurant ', 12.0, 30]","['McMeal at McDonalds (or Equivalent Combo Meal) ', 10.0, 15]","['Domestic Beer (0.5 liter draught) ', 4.0, 41]","['Milk (regular), (1 liter) ', 1.09, 51]","['Rice (white), (1kg) ', 2.9, 16]","['Potato (1kg) ', 1.5, 47]","['Water (1.5 liter bottle) ', 0.91, 40]","['Cigarettes 20 Pack (Marlboro) ', 8.2, 29]","['Cappuccino (regular) ', 3.4, 45]","['One-way Ticket (Local Transport) ', 3.2, 21]","['Apartment (3 bedrooms) in City Centre ', 1275.0, 103]",Germany,51.3396955,12.3730747,2,Leipzig,76
€,Leon,"['Meal, Inexpensive Restaurant ', 10.26, 38]","['McMeal at McDonalds (or Equivalent Combo Meal) ', 5.47, 52]","['Domestic Beer (0.5 liter draught) ', 1.37, 68]","['Milk (regular), (1 liter) ', 1.12, 48]","['Rice (white), (1kg) ', 1.19, 114]","['Potato (1kg) ', 1.57, 42]","['Water (1.5 liter bottle) ', 0.82, 49]","['Cigarettes 20 Pack (Marlboro) ', 0.0, 76]","['Cappuccino (regular) ', 2.96, 72]","['One-way Ticket (Local Transport) ', 0.59, 71]","['Apartment (3 bedrooms) in City Centre ', 349.47, 161]", Spain,42.5983611,-5.5718779,2,Leon,166
€,Leuven,"['Meal, Inexpensive Restaurant ', 14.75, 17]","['McMeal at McDonalds (or Equivalent Combo Meal) ', 10.0, 15]","['Domestic Beer (0.5 liter draught) ', 4.5, 35]","['Milk (regular), (1 liter) ', 1.15, 47]","['Rice (white), (1kg) ', 3.01, 11]","['Potato (1kg) ', 1.61, 39]","['Water (1.5 liter bottle) ', 1.01, 33]","['Cigarettes 20 Pack (Marlboro) ', 7.5, 32]","['Cappuccino (regular) ', 3.73, 27]","['One-way Ticket (Local Transport) ', 2.5, 37]","['Apartment (3 bedrooms) in City Centre ', 1575.0, 69]", Belgium,50.8822871,4.7137645,2,Leuven,51
€,Liege,"['Meal, Inexpensive Restaurant ', 16.5, 14]","['McMeal at McDonalds (or Equivalent Combo Meal) ', 10.0, 15]","['Domestic Beer (0.5 liter draught) ', 4.0, 41]","['Milk (regular), (1 liter) ', 0.97, 63]","['Rice (white), (1kg) ', 1.31, 108]","['Potato (1kg) ', 0.91, 82]","['Water (1.5 liter bottle) ', 0.74, 57]","['Cigarettes 20 Pack (Marlboro) ', 8.2, 29]","['Cappuccino (regular) ', 2.88, 76]","['One-way Ticket (Local Transport) ', 2.45, 38]","['Apartment (3 bedrooms) in City Centre ', 1114.0, 122]", Belgium,50.6329586,5.5697498,2,Liege,112
€,Lille,"['Meal, Inexpensive Restaurant ', 15.0, 16]","['McMeal at McDonalds (or Equivalent Combo Meal) ', 10.0, 15]","['Domestic Beer (0.5 liter draught) ', 6.25, 14]","['Milk (regular), (1 liter) ', 1.25, 39]","['Rice (white), (1kg) ', 2.57, 43]","['Potato (1kg) ', 1.78, 29]","['Water (1.5 liter bottle) ', 0.58, 70]","['Cigarettes 20 Pack (Marlboro) ', 12.0, 16]","['Cappuccino (regular) ', 2.95, 73]","['One-way Ticket (Local Transport) ', 2.0, 45]","['Apartment (3 bedrooms) in City Centre ', 1306.25, 98]", France,50.62925,3.057256,2,Lille,75
€,Limerick,"['Meal, Inexpensive Restaurant ', 18.0, 11]","['McMeal at McDonalds (or Equivalent Combo Meal) ', 9.0, 27]","['Domestic Beer (0.5 liter draught) ', 5.65, 20]","['Milk (regular), (1 liter) ', 1.2, 42]","['Rice (white), (1kg) ', 1.48, 98]","['Potato (1kg) ', 1.95, 20]","['Basic (Electricity, Heating, Cooling, Water, Garbage) for 85m2 Apartment ', 162.86, 1]","['Cigarettes 20 Pack (Marlboro) ', 15.5, 8]","['Cappuccino (regular) ', 3.42, 44]","['One-way Ticket (Local Transport) ', 2.0, 45]","['Apartment (3 bedrooms) in City Centre ', 2316.67, 23]", Ireland,52.663839,-8.6267299,1,Limerick,35
€,Limoges France,"['Meal, Inexpensive Restaurant ', 14.0, 20]","['McMeal at McDonalds (or Equivalent Combo Meal) ', 9.75, 19]","['Domestic Beer (0.5 liter draught) ', 5.0, 30]","['Milk (regular), (1 liter) ', 0.93, 67]","['Rice (white), (1kg) ', 2.2, 65]","['Potato (1kg) ', 2.0, 18]","['Water (1.5 liter bottle) ', 0.38, 80]","['Cigarettes 20 Pack (Marlboro) ', 10.5, 20]","['Cappuccino (regular) ', 2.62, 83]","['One-way Ticket (Local Transport) ', 1.6, 50]","['Apartment (3 bedrooms) in City Centre ', 900.0, 145]", France,45.833619,1.261105,2,Limoges,118
€,Linz,"['Meal, Inexpensive Restaurant ', 15.0, 16]","['McMeal at McDonalds (or Equivalent Combo Meal) ', 10.0, 15]","['Domestic Beer (0.5 liter draught) ', 4.5, 35]","['Milk (regular), (1 liter) ', 1.37, 31]","['Rice (white), (1kg) ', 2.26, 60]","['Potato (1kg) ', 2.12, 16]","['Water (1.5 liter bottle) ', 0.71, 60]","['Cigarettes 20 Pack (Marlboro) ', 5.8, 43]","['Cappuccino (regular) ', 3.42, 44]","['One-way Ticket (Local Transport) ', 2.6, 35]","['Apartment (3 bedrooms) in City Centre ', 1350.0, 93]", Austria,48.30694,14.28583,2,Linz,77
€,Lisbon,"['Meal, Inexpensive Restaurant ', 12.5, 28]","['McMeal at McDonalds (or Equivalent Combo Meal) ', 8.9, 28]","['Domestic Beer (0.5 liter draught) ', 2.5, 61]","['Milk (regular), (1 liter) ', 0.97, 63]","['Rice (white), (1kg) ', 1.47, 99]","['Potato (1kg) ', 1.78, 29]","['Water (1.5 liter bottle) ', 0.82, 49]","['Cigarettes 20 Pack (Marlboro) ', 5.6, 46]","['Cappuccino (regular) ', 2.39, 87]","['One-way Ticket (Local Transport) ', 2.0, 45]","['Apartment (3 bedrooms) in City Centre ', 2648.72, 14]",Portugal,38.7222524,-9.1393366,2,Lisbon,96
€,Lodz,"['Meal, Inexpensive Restaurant ', 9.36, 45]","['McMeal at McDonalds (or Equivalent Combo Meal) ', 7.02, 45]","['Domestic Beer (0.5 liter draught) ', 2.81, 55]","['Milk (regular), (1 liter) ', 0.9, 70]","['Rice (white), (1kg) ', 1.09, 117]","['Potato (1kg) ', 0.71, 94]","['Water (1.5 liter bottle) ', 0.48, 75]","['Cigarettes 20 Pack (Marlboro) ', 4.45, 66]","['Cappuccino (regular) ', 3.08, 64]","['One-way Ticket (Local Transport) ', 1.03, 59]","['Apartment (3 bedrooms) in City Centre ', 953.19, 141]",Poland,51.7592485,19.4559833,3,Lodz,157
€,London,"['Meal, Inexpensive Restaurant ', 23.73, 3]","['McMeal at McDonalds (or Equivalent Combo Meal) ', 9.49, 22]","['Domestic Beer (0.5 liter draught) ', 7.71, 7]","['Milk (regular), (1 liter) ', 1.57, 17]","['Rice (white), (1kg) ', 2.6, 40]","['Potato (1kg) ', 1.42, 55]","['Water (1.5 liter bottle) ', 1.39, 15]","['Cigarettes 20 Pack (Marlboro) ', 17.8, 1]","['Cappuccino (regular) ', 4.42, 9]","['One-way Ticket (Local Transport) ', 3.32, 16]","['Apartment (3 bedrooms) in City Centre ', 5338.46, 1]", United Kingdom,51.5072178,-0.1275862,1,London,6
€,Lublin,"['Meal, Inexpensive Restaurant ', 9.36, 45]","['McMeal at McDonalds (or Equivalent Combo Meal) ', 7.02, 45]","['Domestic Beer (0.5 liter draught) ', 3.04, 52]","['Milk (regular), (1 liter) ', 0.9, 70]","['Rice (white), (1kg) ', 1.34, 106]","['Potato (1kg) ', 0.73, 93]","['Water (1.5 liter bottle) ', 0.47, 76]","['Cigarettes 20 Pack (Marlboro) ', 3.98, 72]","['Cappuccino (regular) ', 2.95, 73]","['One-way Ticket (Local Transport) ', 0.94, 64]","['Apartment (3 bedrooms) in City Centre ', 858.17, 151]",Poland,51.2464536,22.5684463,3,Lublin,165
€,Lyon,"['Meal, Inexpensive Restaurant ', 15.0, 16]","['McMeal at McDonalds (or Equivalent Combo Meal) ', 11.0, 10]","['Domestic Beer (0.5 liter draught) ', 7.0, 9]","['Milk (regular), (1 liter) ', 1.24, 40]","['Rice (white), (1kg) ', 2.3, 57]","['Potato (1kg) ', 2.3, 8]","['Water (1.5 liter bottle) ', 0.66, 63]","['Cigarettes 20 Pack (Marlboro) ', 11.5, 17]","['Cappuccino (regular) ', 3.22, 57]","['One-way Ticket (Local Transport) ', 2.0, 45]","['Apartment (3 bedrooms) in City Centre ', 1525.33, 73]",France,45.764043,4.835659,2,Lyon,53
€,Maastricht,"['Meal, Inexpensive Restaurant ', 16.75, 13]","['McMeal at McDonalds (or Equivalent Combo Meal) ', 10.0, 15]","['Domestic Beer (0.5 liter draught) ', 6.0, 17]","['Milk (regular), (1 liter) ', 1.1, 50]","['Rice (white), (1kg) ', 2.92, 14]","['Potato (1kg) ', 1.82, 26]","['Water (1.5 liter bottle) ', 0.69, 61]","['Cigarettes 20 Pack (Marlboro) ', 12.5, 13]","['Cappuccino (regular) ', 3.48, 41]","['One-way Ticket (Local Transport) ', 3.25, 19]","['Apartment (3 bedrooms) in City Centre ', 1825.0, 54]", Netherlands,50.8513682,5.6909725,2,Maastricht,30
€,Madrid,"['Meal, Inexpensive Restaurant ', 15.0, 16]","['McMeal at McDonalds (or Equivalent Combo Meal) ', 10.0, 15]","['Domestic Beer (0.5 liter draught) ', 3.5, 48]","['Milk (regular), (1 liter) ', 1.08, 52]","['Rice (white), (1kg) ', 1.51, 97]","['Potato (1kg) ', 1.67, 35]","['Water (1.5 liter bottle) ', 0.86, 45]","['Cigarettes 20 Pack (Marlboro) ', 5.6, 46]","['Cappuccino (regular) ', 2.49, 86]","['One-way Ticket (Local Transport) ', 1.5, 51]","['Apartment (3 bedrooms) in City Centre ', 2289.76, 24]",Spain,40.4167754,-3.7037902,2,Madrid,88
€,Magdeburg,"['Meal, Inexpensive Restaurant ', 12.25, 29]","['McMeal at McDonalds (or Equivalent Combo Meal) ', 8.0, 37]","['Domestic Beer (0.5 liter draught) ', 4.25, 37]","['Milk (regular), (1 liter) ', 1.01, 59]","['Rice (white), (1kg) ', 2.67, 34]","['Potato (1kg) ', 1.42, 55]","['Water (1.5 liter bottle) ', 0.81, 50]","['Cigarettes 20 Pack (Marlboro) ', 8.2, 29]","['Cappuccino (regular) ', 3.04, 67]","['One-way Ticket (Local Transport) ', 2.6, 35]","['Apartment (3 bedrooms) in City Centre ', 1066.67, 128]", Germany,52.1205333,11.6276237,2,Magdeburg,110
€,Mainz,"['Meal, Inexpensive Restaurant ', 12.0, 30]","['McMeal at McDonalds (or Equivalent Combo Meal) ', 9.98, 16]","['Domestic Beer (0.5 liter draught) ', 4.5, 35]","['Milk (regular), (1 liter) ', 1.01, 59]","['Rice (white), (1kg) ', 2.73, 29]","['Potato (1kg) ', 1.56, 43]","['Water (1.5 liter bottle) ', 0.94, 38]","['Cigarettes 20 Pack (Marlboro) ', 8.2, 29]","['Cappuccino (regular) ', 3.36, 49]","['One-way Ticket (Local Transport) ', 3.3, 17]","['Apartment (3 bedrooms) in City Centre ', 1500.0, 75]", Germany,49.9928617,8.2472526,2,Mainz,65
€,Malaga,"['Meal, Inexpensive Restaurant ', 12.0, 30]","['McMeal at McDonalds (or Equivalent Combo Meal) ', 8.0, 37]","['Domestic Beer (0.5 liter draught) ', 2.65, 58]","['Milk (regular), (1 liter) ', 1.02, 58]","['Rice (white), (1kg) ', 1.33, 107]","['Potato (1kg) ', 1.59, 40]","['Water (1.5 liter bottle) ', 0.89, 42]","['Cigarettes 20 Pack (Marlboro) ', 5.5, 48]","['Cappuccino (regular) ', 1.86, 103]","['One-way Ticket (Local Transport) ', 1.4, 53]","['Apartment (3 bedrooms) in City Centre ', 1776.92, 56]",Spain,36.7211784,-4.4217199,2,Malaga,127
€,Malmo,"['Meal, Inexpensive Restaurant ', 10.56, 36]","['McMeal at McDonalds (or Equivalent Combo Meal) ', 10.56, 12]","['Domestic Beer (0.5 liter draught) ', 7.04, 8]","['Milk (regular), (1 liter) ', 1.46, 26]","['Rice (white), (1kg) ', 2.95, 13]","['Potato (1kg) ', 1.47, 50]","['Water (1.5 liter bottle) ', 1.22, 24]","['Cigarettes 20 Pack (Marlboro) ', 6.6, 33]","['Cappuccino (regular) ', 3.93, 19]","['One-way Ticket (Local Transport) ', 2.73, 32]","['Apartment (3 bedrooms) in City Centre ', 1345.96, 94]",Sweden,55.604981,13.003822,1,Malmo,49
€,Mannheim,"['Meal, Inexpensive Restaurant ', 12.0, 30]","['McMeal at McDonalds (or Equivalent Combo Meal) ', 10.0, 15]","['Domestic Beer (0.5 liter draught) ', 4.25, 37]","['Milk (regular), (1 liter) ', 1.01, 59]","['Rice (white), (1kg) ', 2.74, 28]","['Potato (1kg) ', 1.4, 56]","['Water (1.5 liter bottle) ', 0.81, 50]","['Cigarettes 20 Pack (Marlboro) ', 8.2, 29]","['Cappuccino (regular) ', 3.28, 54]","['One-way Ticket (Local Transport) ', 3.0, 27]","['Apartment (3 bedrooms) in City Centre ', 1382.0, 87]",Germany,49.4874592,8.4660395,2,Mannheim,79
€,Marburg Germany,"['Meal, Inexpensive Restaurant ', 11.0, 35]","['McMeal at McDonalds (or Equivalent Combo Meal) ', 9.0, 27]","['Domestic Beer (0.5 liter draught) ', 4.0, 41]","['Milk (regular), (1 liter) ', 0.99, 61]","['Rice (white), (1kg) ', 2.75, 27]","['Potato (1kg) ', 1.45, 52]","['Water (1.5 liter bottle) ', 0.73, 58]","['Cigarettes 20 Pack (Marlboro) ', 8.2, 29]","['Cappuccino (regular) ', 3.12, 62]","['One-way Ticket (Local Transport) ', 2.73, 32]","['Apartment (3 bedrooms) in City Centre ', 1200.0, 112]", Germany,50.8018843,8.7657677,2,Marburg,103
€,Marseille,"['Meal, Inexpensive Restaurant ', 15.0, 16]","['McMeal at McDonalds (or Equivalent Combo Meal) ', 10.0, 15]","['Domestic Beer (0.5 liter draught) ', 7.0, 9]","['Milk (regular), (1 liter) ', 1.16, 46]","['Rice (white), (1kg) ', 2.9, 16]","['Potato (1kg) ', 2.27, 11]","['Water (1.5 liter bottle) ', 1.21, 25]","['Cigarettes 20 Pack (Marlboro) ', 12.0, 16]","['Cappuccino (regular) ', 2.97, 71]","['One-way Ticket (Local Transport) ', 1.8, 47]","['Apartment (3 bedrooms) in City Centre ', 1363.33, 90]",France,43.296482,5.36978,2,Marseille,60
€,Maynooth Ireland,"['Meal, Inexpensive Restaurant ', 18.0, 11]","['McMeal at McDonalds (or Equivalent Combo Meal) ', 9.1, 24]","['Domestic Beer (0.5 liter draught) ', 6.0, 17]","['Milk (regular), (1 liter) ', 1.32, 34]","['Rice (white), (1kg) ', 1.81, 84]","['Potato (1kg) ', 1.95, 20]","['Water (1.5 liter bottle) ', 1.73, 9]","['Cigarettes 20 Pack (Marlboro) ', 16.45, 6]","['Cappuccino (regular) ', 3.74, 26]","['One-way Ticket (Local Transport) ', 2.2, 42]","['Apartment (3 bedrooms) in City Centre ', 4966.67, 2]", Ireland,53.3812896,-6.5918499,1,Maynooth,14
€,Mechelen,"['Meal, Inexpensive Restaurant ', 20.0, 6]","['McMeal at McDonalds (or Equivalent Combo Meal) ', 9.88, 18]","['Domestic Beer (0.5 liter draught) ', 4.5, 35]","['Milk (regular), (1 liter) ', 1.1, 50]","['Rice (white), (1kg) ', 2.42, 51]","['Potato (1kg) ', 1.58, 41]","['Water (1.5 liter bottle) ', 0.79, 52]","['Cigarettes 20 Pack (Marlboro) ', 8.5, 27]","['Cappuccino (regular) ', 3.48, 41]","['One-way Ticket (Local Transport) ', 2.5, 37]","['Apartment (3 bedrooms) in City Centre ', 1124.29, 121]", Belgium,51.0259143,4.4775553,2,Mechelen,84
€,Milan,"['Meal, Inexpensive Restaurant ', 20.0, 6]","['McMeal at McDonalds (or Equivalent Combo Meal) ', 10.0, 15]","['Domestic Beer (0.5 liter draught) ', 6.0, 17]","['Milk (regular), (1 liter) ', 1.59, 15]","['Rice (white), (1kg) ', 3.17, 9]","['Potato (1kg) ', 1.74, 31]","['Water (1.5 liter bottle) ', 0.5, 74]","['Cigarettes 20 Pack (Marlboro) ', 6.0, 40]","['Cappuccino (regular) ', 1.9, 101]","['One-way Ticket (Local Transport) ', 2.2, 42]","['Apartment (3 bedrooms) in City Centre ', 2846.29, 11]",Italy,45.4642035,9.189982,2,Milan,50
€,Msida,"['Meal, Inexpensive Restaurant ', 8.5, 49]","['McMeal at McDonalds (or Equivalent Combo Meal) ', 8.7, 30]","['Domestic Beer (0.5 liter draught) ', 2.0, 66]","['Milk (regular), (1 liter) ', 1.22, 41]","['Rice (white), (1kg) ', 3.0, 12]","['Potato (1kg) ', 1.74, 31]","['Water (1.5 liter bottle) ', 0.84, 47]","['Cigarettes 20 Pack (Marlboro) ', 5.55, 47]","['Cappuccino (regular) ', 1.98, 95]","['One-way Ticket (Local Transport) ', 1.75, 48]","['Apartment (3 bedrooms) in City Centre ', 1433.33, 82]", Malta,35.8993715,14.4845673,2,Msida,128
€,Munich,"['Meal, Inexpensive Restaurant ', 16.5, 14]","['McMeal at McDonalds (or Equivalent Combo Meal) ', 11.0, 10]","['Domestic Beer (0.5 liter draught) ', 4.5, 35]","['Milk (regular), (1 liter) ', 1.15, 47]","['Rice (white), (1kg) ', 2.71, 31]","['Potato (1kg) ', 1.65, 36]","['Water (1.5 liter bottle) ', 0.88, 43]","['Cigarettes 20 Pack (Marlboro) ', 8.2, 29]","['Cappuccino (regular) ', 3.81, 24]","['One-way Ticket (Local Transport) ', 3.7, 8]","['Apartment (3 bedrooms) in City Centre ', 2734.47, 12]",Germany,48.1351253,11.5819806,2,Munich,17
€,Munster,"['Meal, Inexpensive Restaurant ', 12.0, 30]","['McMeal at McDonalds (or Equivalent Combo Meal) ', 9.0, 27]","['Domestic Beer (0.5 liter draught) ', 4.0, 41]","['Milk (regular), (1 liter) ', 1.06, 54]","['Rice (white), (1kg) ', 2.73, 29]","['Potato (1kg) ', 1.85, 23]","['Water (1.5 liter bottle) ', 1.14, 28]","['Cigarettes 20 Pack (Marlboro) ', 8.2, 29]","['Cappuccino (regular) ', 3.26, 56]","['One-way Ticket (Local Transport) ', 2.9, 29]","['Apartment (3 bedrooms) in City Centre ', 1745.0, 60]",Germany,51.9606649,7.6261347,2,Munster,68
€,Murcia,"['Meal, Inexpensive Restaurant ', 12.0, 30]","['McMeal at McDonalds (or Equivalent Combo Meal) ', 8.5, 32]","['Domestic Beer (0.5 liter draught) ', 2.0, 66]","['Milk (regular), (1 liter) ', 1.04, 56]","['Rice (white), (1kg) ', 1.25, 111]","['Potato (1kg) ', 1.55, 44]","['Water (1.5 liter bottle) ', 0.57, 71]","['Cigarettes 20 Pack (Marlboro) ', 5.47, 50]","['Cappuccino (regular) ', 1.88, 102]","['One-way Ticket (Local Transport) ', 1.4, 53]","['Apartment (3 bedrooms) in City Centre ', 1016.67, 134]",Spain,37.9922399,-1.1306544,2,Murcia,150
€,Nantes,"['Meal, Inexpensive Restaurant ', 14.0, 20]","['McMeal at McDonalds (or Equivalent Combo Meal) ', 10.0, 15]","['Domestic Beer (0.5 liter draught) ', 7.0, 9]","['Milk (regular), (1 liter) ', 1.05, 55]","['Rice (white), (1kg) ', 2.58, 42]","['Potato (1kg) ', 2.17, 14]","['Water (1.5 liter bottle) ', 0.38, 80]","['Cigarettes 20 Pack (Marlboro) ', 10.5, 20]","['Cappuccino (regular) ', 2.62, 83]","['One-way Ticket (Local Transport) ', 1.8, 47]","['Apartment (3 bedrooms) in City Centre ', 1450.0, 80]",France,47.218371,-1.553621,2,Nantes,74
€,Naples,"['Meal, Inexpensive Restaurant ', 15.0, 16]","['McMeal at McDonalds (or Equivalent Combo Meal) ', 8.0, 37]","['Domestic Beer (0.5 liter draught) ', 4.0, 41]","['Milk (regular), (1 liter) ', 1.75, 8]","['Rice (white), (1kg) ', 2.31, 56]","['Potato (1kg) ', 1.51, 46]","['Water (1.5 liter bottle) ', 0.55, 73]","['Cigarettes 20 Pack (Marlboro) ', 6.0, 40]","['Cappuccino (regular) ', 1.85, 104]","['One-way Ticket (Local Transport) ', 1.5, 51]","['Apartment (3 bedrooms) in City Centre ', 1627.5, 67]",Italy,40.8517983,14.26812,2,Naples,106
€,Nice,"['Meal, Inexpensive Restaurant ', 14.0, 20]","['McMeal at McDonalds (or Equivalent Combo Meal) ', 10.0, 15]","['Domestic Beer (0.5 liter draught) ', 5.0, 30]","['Milk (regular), (1 liter) ', 1.36, 32]","['Rice (white), (1kg) ', 2.04, 73]","['Potato (1kg) ', 1.87, 22]","['Water (1.5 liter bottle) ', 0.38, 80]","['Cigarettes 20 Pack (Marlboro) ', 11.0, 18]","['Cappuccino (regular) ', 3.04, 67]","['One-way Ticket (Local Transport) ', 1.7, 49]","['Apartment (3 bedrooms) in City Centre ', 1688.75, 64]",France,43.7101728,7.2619532,2,Nice,71
€,Nicosia,"['Meal, Inexpensive Restaurant ', 11.5, 32]","['McMeal at McDonalds (or Equivalent Combo Meal) ', 7.0, 46]","['Domestic Beer (0.5 liter draught) ', 4.0, 41]","['Milk (regular), (1 liter) ', 1.66, 10]","['Rice (white), (1kg) ', 2.26, 60]","['Potato (1kg) ', 1.24, 66]","['Water (1.5 liter bottle) ', 0.82, 49]","['Cigarettes 20 Pack (Marlboro) ', 5.0, 60]","['Cappuccino (regular) ', 3.26, 56]","['One-way Ticket (Local Transport) ', 2.4, 39]","['Apartment (3 bedrooms) in City Centre ', 1172.35, 116]", Cyprus,35.1855659,33.3822764,2,Nicosia,122
€,Norwich,"['Meal, Inexpensive Restaurant ', 17.8, 12]","['McMeal at McDonalds (or Equivalent Combo Meal) ', 9.49, 22]","['Domestic Beer (0.5 liter draught) ', 5.93, 18]","['Milk (regular), (1 liter) ', 1.31, 35]","['Rice (white), (1kg) ', 1.96, 76]","['Potato (1kg) ', 1.74, 31]","['Water (1.5 liter bottle) ', 1.14, 28]","['Cigarettes 20 Pack (Marlboro) ', 16.61, 5]","['Cappuccino (regular) ', 3.54, 37]","['One-way Ticket (Local Transport) ', 2.73, 32]","['Apartment (3 bedrooms) in City Centre ', 1898.58, 49]", United Kingdom,52.6292567,1.2978802,1,Norwich,34
€,Nuremberg,"['Meal, Inexpensive Restaurant ', 15.0, 16]","['McMeal at McDonalds (or Equivalent Combo Meal) ', 10.0, 15]","['Domestic Beer (0.5 liter draught) ', 4.0, 41]","['Milk (regular), (1 liter) ', 1.1, 50]","['Rice (white), (1kg) ', 2.62, 39]","['Potato (1kg) ', 1.55, 44]","['Water (1.5 liter bottle) ', 0.82, 49]","['Cigarettes 20 Pack (Marlboro) ', 8.2, 29]","['Cappuccino (regular) ', 3.63, 32]","['One-way Ticket (Local Transport) ', 3.27, 18]","['Apartment (3 bedrooms) in City Centre ', 1419.23, 83]",Germany,49.4521018,11.0766654,2,Nuremberg,58
€,Orleans France,"['Meal, Inexpensive Restaurant ', 14.0, 20]","['McMeal at McDonalds (or Equivalent Combo Meal) ', 8.0, 37]","['Domestic Beer (0.5 liter draught) ', 6.0, 17]","['Milk (regular), (1 liter) ', 1.0, 60]","['Rice (white), (1kg) ', 1.0, 120]","['Potato (1kg) ', 0.0, 97]","['Water (1.5 liter bottle) ', 0.38, 80]","['Cigarettes 20 Pack (Marlboro) ', 10.0, 21]","['Cappuccino (regular) ', 2.62, 83]","['One-way Ticket (Local Transport) ', 1.7, 49]","['Apartment (3 bedrooms) in City Centre ', 0.0, 162]", France,47.902964,1.909251,2,Orleans,135
€,Oslo,"['Meal, Inexpensive Restaurant ', 19.59, 7]","['McMeal at McDonalds (or Equivalent Combo Meal) ', 11.07, 9]","['Domestic Beer (0.5 liter draught) ', 9.37, 2]","['Milk (regular), (1 liter) ', 1.94, 2]","['Rice (white), (1kg) ', 2.87, 18]","['Potato (1kg) ', 2.2, 13]","['Water (1.5 liter bottle) ', 1.9, 6]","['Cigarettes 20 Pack (Marlboro) ', 13.63, 11]","['Cappuccino (regular) ', 4.12, 12]","['One-way Ticket (Local Transport) ', 3.58, 9]","['Apartment (3 bedrooms) in City Centre ', 2148.89, 32]", Norway,59.9138688,10.7522454,1,Oslo,7
€,Oviedo,"['Meal, Inexpensive Restaurant ', 12.0, 30]","['McMeal at McDonalds (or Equivalent Combo Meal) ', 8.0, 37]","['Domestic Beer (0.5 liter draught) ', 2.75, 56]","['Milk (regular), (1 liter) ', 1.01, 59]","['Rice (white), (1kg) ', 1.42, 101]","['Potato (1kg) ', 1.4, 56]","['Water (1.5 liter bottle) ', 0.75, 56]","['Cigarettes 20 Pack (Marlboro) ', 5.2, 55]","['Cappuccino (regular) ', 1.63, 113]","['One-way Ticket (Local Transport) ', 1.2, 54]","['Apartment (3 bedrooms) in City Centre ', 833.33, 153]", Spain,43.3622522,-5.8485461,2,Oviedo,158
€,Padova,"['Meal, Inexpensive Restaurant ', 15.0, 16]","['McMeal at McDonalds (or Equivalent Combo Meal) ', 10.0, 15]","['Domestic Beer (0.5 liter draught) ', 5.0, 30]","['Milk (regular), (1 liter) ', 1.31, 35]","['Rice (white), (1kg) ', 2.26, 60]","['Potato (1kg) ', 1.74, 31]","['Water (1.5 liter bottle) ', 0.36, 81]","['Cigarettes 20 Pack (Marlboro) ', 6.1, 39]","['Cappuccino (regular) ', 1.58, 117]","['One-way Ticket (Local Transport) ', 1.7, 49]","['Apartment (3 bedrooms) in City Centre ', 1775.0, 57]", Italy,45.4064349,11.8767611,2,Padova,97
€,Palermo,"['Meal, Inexpensive Restaurant ', 12.0, 30]","['McMeal at McDonalds (or Equivalent Combo Meal) ', 9.0, 27]","['Domestic Beer (0.5 liter draught) ', 5.0, 30]","['Milk (regular), (1 liter) ', 1.22, 41]","['Rice (white), (1kg) ', 2.33, 54]","['Potato (1kg) ', 1.49, 48]","['Water (1.5 liter bottle) ', 0.36, 81]","['Cigarettes 20 Pack (Marlboro) ', 5.5, 48]","['Cappuccino (regular) ', 1.67, 111]","['One-way Ticket (Local Transport) ', 1.4, 53]","['Apartment (3 bedrooms) in City Centre ', 835.56, 152]",Italy,38.11569,13.3614868,2,Palermo,142
€,Palma de Mallorca,"['Meal, Inexpensive Restaurant ', 14.0, 20]","['McMeal at McDonalds (or Equivalent Combo Meal) ', 12.0, 7]","['Domestic Beer (0.5 liter draught) ', 3.75, 44]","['Milk (regular), (1 liter) ', 0.99, 61]","['Rice (white), (1kg) ', 1.4, 103]","['Potato (1kg) ', 1.33, 62]","['Water (1.5 liter bottle) ', 0.55, 73]","['Cigarettes 20 Pack (Marlboro) ', 5.75, 44]","['Cappuccino (regular) ', 2.95, 73]","['One-way Ticket (Local Transport) ', 2.0, 45]","['Apartment (3 bedrooms) in City Centre ', 1616.67, 68]",Spain,39.5696005,2.6501603,2,Palma de Mallorca,99
€,Paris,"['Meal, Inexpensive Restaurant ', 18.0, 11]","['McMeal at McDonalds (or Equivalent Combo Meal) ', 12.0, 7]","['Domestic Beer (0.5 liter draught) ', 7.0, 9]","['Milk (regular), (1 liter) ', 1.39, 30]","['Rice (white), (1kg) ', 2.48, 49]","['Potato (1kg) ', 2.29, 9]","['Water (1.5 liter bottle) ', 0.8, 51]","['Cigarettes 20 Pack (Marlboro) ', 12.5, 13]","['Cappuccino (regular) ', 4.05, 13]","['One-way Ticket (Local Transport) ', 2.15, 43]","['Apartment (3 bedrooms) in City Centre ', 3048.28, 7]",France,48.856614,2.3522219,2,Paris,10
€,Pavia,"['Meal, Inexpensive Restaurant ', 15.0, 16]","['McMeal at McDonalds (or Equivalent Combo Meal) ', 8.0, 37]","['Domestic Beer (0.5 liter draught) ', 5.5, 24]","['Milk (regular), (1 liter) ', 1.48, 24]","['Rice (white), (1kg) ', 3.1, 10]","['Potato (1kg) ', 1.5, 47]","['Water (1.5 liter bottle) ', 0.32, 83]","['Cigarettes 20 Pack (Marlboro) ', 6.0, 40]","['Cappuccino (regular) ', 1.49, 121]","['One-way Ticket (Local Transport) ', 1.5, 51]","['Apartment (3 bedrooms) in City Centre ', 1250.0, 108]", Italy,45.1847248,9.1582069,2,Pavia,123
€,Pisa,"['Meal, Inexpensive Restaurant ', 14.0, 20]","['McMeal at McDonalds (or Equivalent Combo Meal) ', 9.0, 27]","['Domestic Beer (0.5 liter draught) ', 5.0, 30]","['Milk (regular), (1 liter) ', 1.41, 29]","['Rice (white), (1kg) ', 1.8, 85]","['Potato (1kg) ', 1.67, 35]","['Water (1.5 liter bottle) ', 0.41, 77]","['Cigarettes 20 Pack (Marlboro) ', 6.0, 40]","['Cappuccino (regular) ', 1.5, 120]","['One-way Ticket (Local Transport) ', 1.7, 49]","['Apartment (3 bedrooms) in City Centre ', 1053.33, 131]", Italy,43.7228386,10.4016888,2,Pisa,134
€,Plovdiv,"['Meal, Inexpensive Restaurant ', 7.67, 53]","['McMeal at McDonalds (or Equivalent Combo Meal) ', 6.14, 50]","['Domestic Beer (0.5 liter draught) ', 2.56, 59]","['Milk (regular), (1 liter) ', 1.55, 19]","['Rice (white), (1kg) ', 1.79, 86]","['Potato (1kg) ', 0.87, 84]","['Water (1.5 liter bottle) ', 0.65, 64]","['Cigarettes 20 Pack (Marlboro) ', 3.07, 73]","['Cappuccino (regular) ', 1.92, 100]","['One-way Ticket (Local Transport) ', 0.51, 73]","['Apartment (3 bedrooms) in City Centre ', 612.59, 156]",Bulgaria,42.1354079,24.7452904,2,Plovdiv,170
€,Poitiers France,"['Meal, Inexpensive Restaurant ', 14.0, 20]","['McMeal at McDonalds (or Equivalent Combo Meal) ', 9.0, 27]","['Domestic Beer (0.5 liter draught) ', 6.0, 17]","['Milk (regular), (1 liter) ', 1.08, 52]","['Rice (white), (1kg) ', 1.93, 78]","['Potato (1kg) ', 2.5, 4]","['Water (1.5 liter bottle) ', 0.29, 85]","['Cigarettes 20 Pack (Marlboro) ', 11.5, 17]","['Cappuccino (regular) ', 2.1, 91]","['One-way Ticket (Local Transport) ', 1.7, 49]","['Apartment (3 bedrooms) in City Centre ', 930.0, 143]", France,46.580224,0.340375,2,Poitiers,116
€,Porto,"['Meal, Inexpensive Restaurant ', 10.0, 42]","['McMeal at McDonalds (or Equivalent Combo Meal) ', 8.0, 37]","['Domestic Beer (0.5 liter draught) ', 3.0, 54]","['Milk (regular), (1 liter) ', 0.89, 71]","['Rice (white), (1kg) ', 1.38, 104]","['Potato (1kg) ', 1.38, 57]","['Water (1.5 liter bottle) ', 0.69, 61]","['Cigarettes 20 Pack (Marlboro) ', 5.5, 48]","['Cappuccino (regular) ', 2.09, 92]","['One-way Ticket (Local Transport) ', 2.0, 45]","['Apartment (3 bedrooms) in City Centre ', 1887.63, 50]", Portugal,41.1579438,-8.6291053,2,Porto,124
€,Poznan,"['Meal, Inexpensive Restaurant ', 9.36, 45]","['McMeal at McDonalds (or Equivalent Combo Meal) ', 7.02, 45]","['Domestic Beer (0.5 liter draught) ', 3.28, 49]","['Milk (regular), (1 liter) ', 0.88, 72]","['Rice (white), (1kg) ', 1.41, 102]","['Potato (1kg) ', 0.76, 92]","['Water (1.5 liter bottle) ', 0.6, 68]","['Cigarettes 20 Pack (Marlboro) ', 4.33, 69]","['Cappuccino (regular) ', 3.08, 64]","['One-way Ticket (Local Transport) ', 0.98, 62]","['Apartment (3 bedrooms) in City Centre ', 1056.48, 130]",Poland,52.406374,16.9251681,3,Poznan,152
€,Prague,"['Meal, Inexpensive Restaurant ', 9.19, 47]","['McMeal at McDonalds (or Equivalent Combo Meal) ', 7.99, 38]","['Domestic Beer (0.5 liter draught) ', 2.4, 62]","['Milk (regular), (1 liter) ', 0.94, 66]","['Rice (white), (1kg) ', 2.01, 75]","['Potato (1kg) ', 1.17, 71]","['Water (1.5 liter bottle) ', 0.66, 63]","['Cigarettes 20 Pack (Marlboro) ', 6.11, 38]","['Cappuccino (regular) ', 2.92, 74]","['One-way Ticket (Local Transport) ', 1.2, 54]","['Apartment (3 bedrooms) in City Centre ', 1854.3, 52]",Czech Republic,50.0755381,14.4378005,3,Prague,119
€,Regensburg,"['Meal, Inexpensive Restaurant ', 13.0, 25]","['McMeal at McDonalds (or Equivalent Combo Meal) ', 10.0, 15]","['Domestic Beer (0.5 liter draught) ', 4.0, 41]","['Milk (regular), (1 liter) ', 1.01, 59]","['Rice (white), (1kg) ', 2.71, 31]","['Potato (1kg) ', 1.4, 56]","['Water (1.5 liter bottle) ', 0.76, 55]","['Cigarettes 20 Pack (Marlboro) ', 8.2, 29]","['Cappuccino (regular) ', 3.32, 51]","['One-way Ticket (Local Transport) ', 2.9, 29]","['Apartment (3 bedrooms) in City Centre ', 1500.0, 75]", Germany,49.0134297,12.1016236,2,Regensburg,72
€,Rennes,"['Meal, Inexpensive Restaurant ', 14.0, 20]","['McMeal at McDonalds (or Equivalent Combo Meal) ', 9.0, 27]","['Domestic Beer (0.5 liter draught) ', 6.0, 17]","['Milk (regular), (1 liter) ', 1.08, 52]","['Rice (white), (1kg) ', 2.05, 72]","['Potato (1kg) ', 1.5, 47]","['Water (1.5 liter bottle) ', 0.29, 85]","['Cigarettes 20 Pack (Marlboro) ', 12.0, 16]","['Cappuccino (regular) ', 2.1, 91]","['One-way Ticket (Local Transport) ', 1.7, 49]","['Apartment (3 bedrooms) in City Centre ', 1266.67, 106]", France,48.117266,-1.6777926,2,Rennes,104
€,Reykjavik,"['Meal, Inexpensive Restaurant ', 19.21, 8]","['McMeal at McDonalds (or Equivalent Combo Meal) ', 16.31, 2]","['Domestic Beer (0.5 liter draught) ', 9.78, 1]","['Milk (regular), (1 liter) ', 1.51, 22]","['Rice (white), (1kg) ', 2.8, 22]","['Potato (1kg) ', 2.84, 2]","['Water (1.5 liter bottle) ', 1.81, 8]","['Cigarettes 20 Pack (Marlboro) ', 10.82, 19]","['Cappuccino (regular) ', 4.74, 6]","['One-way Ticket (Local Transport) ', 4.11, 4]","['Apartment (3 bedrooms) in City Centre ', 2503.29, 17]", Iceland,64.146582,-21.9426354,1,Reykjavik,3
€,Riga,"['Meal, Inexpensive Restaurant ', 10.0, 42]","['McMeal at McDonalds (or Equivalent Combo Meal) ', 7.5, 41]","['Domestic Beer (0.5 liter draught) ', 4.5, 35]","['Milk (regular), (1 liter) ', 1.17, 45]","['Rice (white), (1kg) ', 2.65, 36]","['Potato (1kg) ', 0.85, 86]","['Water (1.5 liter bottle) ', 0.79, 52]","['Cigarettes 20 Pack (Marlboro) ', 4.9, 62]","['Cappuccino (regular) ', 3.26, 56]","['One-way Ticket (Local Transport) ', 1.5, 51]","['Apartment (3 bedrooms) in City Centre ', 874.0, 150]",Latvia,56.9676941,24.1056221,3,Riga,138
€,Rome,"['Meal, Inexpensive Restaurant ', 15.0, 16]","['McMeal at McDonalds (or Equivalent Combo Meal) ', 10.0, 15]","['Domestic Beer (0.5 liter draught) ', 4.5, 35]","['Milk (regular), (1 liter) ', 1.56, 18]","['Rice (white), (1kg) ', 2.48, 49]","['Potato (1kg) ', 1.47, 50]","['Water (1.5 liter bottle) ', 0.39, 79]","['Cigarettes 20 Pack (Marlboro) ', 6.0, 40]","['Cappuccino (regular) ', 1.46, 122]","['One-way Ticket (Local Transport) ', 1.5, 51]","['Apartment (3 bedrooms) in City Centre ', 2107.29, 33]",Italy,41.9027835,12.4963655,2,Rome,95
€,Rotterdam,"['Meal, Inexpensive Restaurant ', 18.0, 11]","['McMeal at McDonalds (or Equivalent Combo Meal) ', 10.0, 15]","['Domestic Beer (0.5 liter draught) ', 5.6, 22]","['Milk (regular), (1 liter) ', 1.08, 52]","['Rice (white), (1kg) ', 3.0, 12]","['Potato (1kg) ', 1.83, 25]","['Water (1.5 liter bottle) ', 0.89, 42]","['Cigarettes 20 Pack (Marlboro) ', 10.0, 21]","['Cappuccino (regular) ', 3.39, 46]","['One-way Ticket (Local Transport) ', 3.5, 11]","['Apartment (3 bedrooms) in City Centre ', 2020.0, 38]",Netherlands,51.9244201,4.4777325,2,Rotterdam,24
€,Rouen France,"['Meal, Inexpensive Restaurant ', 13.25, 23]","['McMeal at McDonalds (or Equivalent Combo Meal) ', 8.9, 28]","['Domestic Beer (0.5 liter draught) ', 6.3, 13]","['Milk (regular), (1 liter) ', 1.03, 57]","['Rice (white), (1kg) ', 1.67, 91]","['Potato (1kg) ', 1.55, 44]","['Water (1.5 liter bottle) ', 0.25, 86]","['Cigarettes 20 Pack (Marlboro) ', 12.0, 16]","['Cappuccino (regular) ', 2.7, 81]","['One-way Ticket (Local Transport) ', 1.8, 47]","['Apartment (3 bedrooms) in City Centre ', 895.0, 146]", France,49.443232,1.099971,2,Rouen ,117
€,Saarbrucken,"['Meal, Inexpensive Restaurant ', 10.0, 42]","['McMeal at McDonalds (or Equivalent Combo Meal) ', 10.0, 15]","['Domestic Beer (0.5 liter draught) ', 4.0, 41]","['Milk (regular), (1 liter) ', 0.99, 61]","['Rice (white), (1kg) ', 2.68, 33]","['Potato (1kg) ', 1.35, 60]","['Water (1.5 liter bottle) ', 0.78, 53]","['Cigarettes 20 Pack (Marlboro) ', 8.2, 29]","['Cappuccino (regular) ', 3.02, 69]","['One-way Ticket (Local Transport) ', 2.6, 35]","['Apartment (3 bedrooms) in City Centre ', 1059.83, 129]", Germany,49.2381697,6.997547,2,Saarbrucken,111
€,Salamanca,"['Meal, Inexpensive Restaurant ', 12.0, 30]","['McMeal at McDonalds (or Equivalent Combo Meal) ', 8.5, 32]","['Domestic Beer (0.5 liter draught) ', 2.75, 56]","['Milk (regular), (1 liter) ', 1.05, 55]","['Rice (white), (1kg) ', 1.11, 116]","['Potato (1kg) ', 1.13, 73]","['Water (1.5 liter bottle) ', 0.57, 71]","['Cigarettes 20 Pack (Marlboro) ', 5.6, 46]","['Cappuccino (regular) ', 1.63, 113]","['One-way Ticket (Local Transport) ', 1.08, 58]","['Apartment (3 bedrooms) in City Centre ', 1500.0, 75]", Spain,40.9701039,-5.6635397,2,Salamanca,137
€,Segovia Spain,"['Meal, Inexpensive Restaurant ', 12.0, 30]","['McMeal at McDonalds (or Equivalent Combo Meal) ', 8.0, 37]","['Domestic Beer (0.5 liter draught) ', 2.0, 66]","['Milk (regular), (1 liter) ', 0.98, 62]","['Rice (white), (1kg) ', 1.37, 105]","['Potato (1kg) ', 1.08, 75]","['Water (1.5 liter bottle) ', 0.62, 66]","['Cigarettes 20 Pack (Marlboro) ', 5.5, 48]","['Cappuccino (regular) ', 1.5, 120]","['One-way Ticket (Local Transport) ', 1.0, 61]","['Apartment (3 bedrooms) in City Centre ', 1550.0, 71]", Spain,40.9429032,-4.1088069,2,Segovia ,144
€,Sevilla,"['Meal, Inexpensive Restaurant ', 12.0, 30]","['McMeal at McDonalds (or Equivalent Combo Meal) ', 9.5, 21]","['Domestic Beer (0.5 liter draught) ', 2.0, 66]","['Milk (regular), (1 liter) ', 1.02, 58]","['Rice (white), (1kg) ', 1.92, 79]","['Potato (1kg) ', 1.35, 60]","['Water (1.5 liter bottle) ', 0.58, 70]","['Cigarettes 20 Pack (Marlboro) ', 5.2, 55]","['Cappuccino (regular) ', 1.95, 97]","['One-way Ticket (Local Transport) ', 1.4, 53]","['Apartment (3 bedrooms) in City Centre ', 1338.89, 95]",Spain,37.3890924,-5.9844589,2,Sevilla,136
€,Siena,"['Meal, Inexpensive Restaurant ', 16.0, 15]","['McMeal at McDonalds (or Equivalent Combo Meal) ', 10.0, 15]","['Domestic Beer (0.5 liter draught) ', 5.0, 30]","['Milk (regular), (1 liter) ', 1.05, 55]","['Rice (white), (1kg) ', 2.35, 53]","['Potato (1kg) ', 1.01, 78]","['Water (1.5 liter bottle) ', 0.35, 82]","['Cigarettes 20 Pack (Marlboro) ', 5.9, 42]","['Cappuccino (regular) ', 1.54, 119]","['One-way Ticket (Local Transport) ', 1.7, 49]","['Apartment (3 bedrooms) in City Centre ', 1483.33, 77]", Italy,43.318809,11.3307574,2,Siena,113
€,Sofia,"['Meal, Inexpensive Restaurant ', 10.23, 39]","['McMeal at McDonalds (or Equivalent Combo Meal) ', 7.67, 39]","['Domestic Beer (0.5 liter draught) ', 2.05, 64]","['Milk (regular), (1 liter) ', 1.6, 14]","['Rice (white), (1kg) ', 1.87, 81]","['Potato (1kg) ', 1.02, 77]","['Water (1.5 liter bottle) ', 0.65, 64]","['Cigarettes 20 Pack (Marlboro) ', 3.07, 73]","['Cappuccino (regular) ', 1.97, 96]","['One-way Ticket (Local Transport) ', 0.82, 66]","['Apartment (3 bedrooms) in City Centre ', 991.65, 137]",Bulgaria,42.6977082,23.3218675,2,Sofia,161
€,St Andrews United Kingdom,"['Meal, Inexpensive Restaurant ', 18.99, 9]","['McMeal at McDonalds (or Equivalent Combo Meal) ', 8.29, 34]","['Domestic Beer (0.5 liter draught) ', 4.75, 33]","['Milk (regular), (1 liter) ', 1.56, 18]","['Rice (white), (1kg) ', 1.88, 80]","['Potato (1kg) ', 1.63, 38]","['Water (1.5 liter bottle) ', 1.62, 11]","['Cigarettes 20 Pack (Marlboro) ', 16.61, 5]","['Cappuccino (regular) ', 4.02, 15]","['One-way Ticket (Local Transport) ', 3.56, 10]","['Apartment (3 bedrooms) in City Centre ', 1957.91, 42]", United Kingdom,56.3397753,-2.7967214,1,St Andrews,21
€,Stockholm,"['Meal, Inexpensive Restaurant ', 13.2, 24]","['McMeal at McDonalds (or Equivalent Combo Meal) ', 9.68, 20]","['Domestic Beer (0.5 liter draught) ', 6.69, 11]","['Milk (regular), (1 liter) ', 1.37, 31]","['Rice (white), (1kg) ', 3.51, 6]","['Potato (1kg) ', 1.47, 50]","['Water (1.5 liter bottle) ', 1.31, 21]","['Cigarettes 20 Pack (Marlboro) ', 6.25, 37]","['Cappuccino (regular) ', 4.04, 14]","['One-way Ticket (Local Transport) ', 3.7, 8]","['Apartment (3 bedrooms) in City Centre ', 2449.04, 18]",Sweden,59.3293235,18.0685808,1,Stockholm,13
€,Strasbourg,"['Meal, Inexpensive Restaurant ', 14.0, 20]","['McMeal at McDonalds (or Equivalent Combo Meal) ', 11.0, 10]","['Domestic Beer (0.5 liter draught) ', 5.75, 19]","['Milk (regular), (1 liter) ', 1.45, 27]","['Rice (white), (1kg) ', 1.94, 77]","['Potato (1kg) ', 2.5, 4]","['Water (1.5 liter bottle) ', 0.64, 65]","['Cigarettes 20 Pack (Marlboro) ', 12.0, 16]","['Cappuccino (regular) ', 2.85, 77]","['One-way Ticket (Local Transport) ', 1.9, 46]","['Apartment (3 bedrooms) in City Centre ', 1325.0, 97]", France,48.5734053,7.7521113,2,Strasbourg,80
€,Stuttgart,"['Meal, Inexpensive Restaurant ', 15.0, 16]","['McMeal at McDonalds (or Equivalent Combo Meal) ', 12.0, 7]","['Domestic Beer (0.5 liter draught) ', 4.5, 35]","['Milk (regular), (1 liter) ', 1.09, 51]","['Rice (white), (1kg) ', 2.72, 30]","['Potato (1kg) ', 1.56, 43]","['Water (1.5 liter bottle) ', 0.82, 49]","['Cigarettes 20 Pack (Marlboro) ', 8.2, 29]","['Cappuccino (regular) ', 3.6, 34]","['One-way Ticket (Local Transport) ', 3.0, 27]","['Apartment (3 bedrooms) in City Centre ', 1906.47, 48]",Germany,48.7758459,9.1829321,2,Stuttgart,42
€,Surrey,"['Meal, Inexpensive Restaurant ', 14.37, 19]","['McMeal at McDonalds (or Equivalent Combo Meal) ', 10.03, 14]","['Domestic Beer (0.5 liter draught) ', 5.35, 26]","['Milk (regular), (1 liter) ', 1.69, 9]","['Rice (white), (1kg) ', 3.68, 5]","['Potato (1kg) ', 1.94, 21]","['Water (1.5 liter bottle) ', 1.52, 13]","['Cigarettes 20 Pack (Marlboro) ', 13.37, 12]","['Cappuccino (regular) ', 3.75, 25]","['One-way Ticket (Local Transport) ', 2.84, 30]","['Apartment (3 bedrooms) in City Centre ', 3017.6, 8]", United Kingdom,51.3147593,-0.5599501,1,Surrey,12
€,Szczecin,"['Meal, Inexpensive Restaurant ', 8.19, 50]","['McMeal at McDonalds (or Equivalent Combo Meal) ', 6.79, 47]","['Domestic Beer (0.5 liter draught) ', 2.69, 57]","['Milk (regular), (1 liter) ', 0.89, 71]","['Rice (white), (1kg) ', 1.04, 119]","['Potato (1kg) ', 0.79, 91]","['Water (1.5 liter bottle) ', 0.56, 72]","['Cigarettes 20 Pack (Marlboro) ', 4.41, 67]","['Cappuccino (regular) ', 2.97, 71]","['One-way Ticket (Local Transport) ', 0.7, 68]","['Apartment (3 bedrooms) in City Centre ', 1100.01, 123]",Poland,53.4285438,14.5528116,3,Szczecin,159
€,Tallinn,"['Meal, Inexpensive Restaurant ', 15.0, 16]","['McMeal at McDonalds (or Equivalent Combo Meal) ', 9.0, 27]","['Domestic Beer (0.5 liter draught) ', 5.0, 30]","['Milk (regular), (1 liter) ', 1.09, 51]","['Rice (white), (1kg) ', 2.14, 68]","['Potato (1kg) ', 0.94, 81]","['Water (1.5 liter bottle) ', 1.0, 34]","['Cigarettes 20 Pack (Marlboro) ', 5.4, 52]","['Cappuccino (regular) ', 3.62, 33]","['One-way Ticket (Local Transport) ', 2.0, 45]","['Apartment (3 bedrooms) in City Centre ', 1194.64, 114]",Estonia,59.4369608,24.7535746,3,Tallinn,98
€,The Hague,"['Meal, Inexpensive Restaurant ', 14.0, 20]","['McMeal at McDonalds (or Equivalent Combo Meal) ', 11.0, 10]","['Domestic Beer (0.5 liter draught) ', 4.0, 41]","['Milk (regular), (1 liter) ', 1.07, 53]","['Rice (white), (1kg) ', 2.37, 52]","['Potato (1kg) ', 1.78, 29]","['Water (1.5 liter bottle) ', 0.71, 60]","['Cigarettes 20 Pack (Marlboro) ', 9.5, 24]","['Cappuccino (regular) ', 3.47, 42]","['One-way Ticket (Local Transport) ', 4.0, 5]","['Apartment (3 bedrooms) in City Centre ', 2269.23, 25]",Netherlands,52.0704978,4.3006999,2,The Hague,33
€,Thessaloniki,"['Meal, Inexpensive Restaurant ', 15.0, 16]","['McMeal at McDonalds (or Equivalent Combo Meal) ', 9.0, 27]","['Domestic Beer (0.5 liter draught) ', 4.25, 37]","['Milk (regular), (1 liter) ', 1.36, 32]","['Rice (white), (1kg) ', 2.17, 67]","['Potato (1kg) ', 1.19, 69]","['Water (1.5 liter bottle) ', 0.74, 57]","['Cigarettes 20 Pack (Marlboro) ', 4.7, 63]","['Cappuccino (regular) ', 3.51, 39]","['One-way Ticket (Local Transport) ', 0.97, 63]","['Apartment (3 bedrooms) in City Centre ', 874.41, 149]",Greece,40.6400629,22.9444191,2,Thessaloniki,129
€,Timisoara,"['Meal, Inexpensive Restaurant ', 8.04, 52]","['McMeal at McDonalds (or Equivalent Combo Meal) ', 6.03, 51]","['Domestic Beer (0.5 liter draught) ', 2.01, 65]","['Milk (regular), (1 liter) ', 1.45, 27]","['Rice (white), (1kg) ', 1.44, 100]","['Potato (1kg) ', 0.76, 92]","['Water (1.5 liter bottle) ', 0.66, 63]","['Cigarettes 20 Pack (Marlboro) ', 5.03, 59]","['Cappuccino (regular) ', 2.63, 82]","['One-way Ticket (Local Transport) ', 0.8, 67]","['Apartment (3 bedrooms) in City Centre ', 611.3, 157]",Romania,45.7488716,21.2086793,3,Timisoara,167
€,Toulouse,"['Meal, Inexpensive Restaurant ', 15.0, 16]","['McMeal at McDonalds (or Equivalent Combo Meal) ', 10.0, 15]","['Domestic Beer (0.5 liter draught) ', 6.5, 12]","['Milk (regular), (1 liter) ', 1.24, 40]","['Rice (white), (1kg) ', 2.42, 51]","['Potato (1kg) ', 2.5, 4]","['Water (1.5 liter bottle) ', 0.79, 52]","['Cigarettes 20 Pack (Marlboro) ', 12.5, 13]","['Cappuccino (regular) ', 2.75, 80]","['One-way Ticket (Local Transport) ', 1.8, 47]","['Apartment (3 bedrooms) in City Centre ', 1358.33, 91]",France,43.604652,1.444209,2,Toulouse,70
€,Tours France,"['Meal, Inexpensive Restaurant ', 15.0, 16]","['McMeal at McDonalds (or Equivalent Combo Meal) ', 10.0, 15]","['Domestic Beer (0.5 liter draught) ', 6.5, 12]","['Milk (regular), (1 liter) ', 1.03, 57]","['Rice (white), (1kg) ', 1.84, 83]","['Potato (1kg) ', 1.55, 44]","['Water (1.5 liter bottle) ', 0.25, 86]","['Cigarettes 20 Pack (Marlboro) ', 11.0, 18]","['Cappuccino (regular) ', 3.42, 44]","['One-way Ticket (Local Transport) ', 1.6, 50]","['Apartment (3 bedrooms) in City Centre ', 1084.38, 125]", France,47.394144,0.68484,2,Tours,91
€,Trento,"['Meal, Inexpensive Restaurant ', 16.0, 15]","['McMeal at McDonalds (or Equivalent Combo Meal) ', 12.0, 7]","['Domestic Beer (0.5 liter draught) ', 5.0, 30]","['Milk (regular), (1 liter) ', 1.39, 30]","['Rice (white), (1kg) ', 2.19, 66]","['Potato (1kg) ', 2.1, 17]","['Water (1.5 liter bottle) ', 0.31, 84]","['Cigarettes 20 Pack (Marlboro) ', 6.0, 40]","['Cappuccino (regular) ', 1.81, 106]","['One-way Ticket (Local Transport) ', 1.2, 54]","['Apartment (3 bedrooms) in City Centre ', 1483.33, 77]", Italy,46.0747793,11.1217486,2,Trento,101
€,Trier Germany,"['Meal, Inexpensive Restaurant ', 12.0, 30]","['McMeal at McDonalds (or Equivalent Combo Meal) ', 9.98, 16]","['Domestic Beer (0.5 liter draught) ', 4.5, 35]","['Milk (regular), (1 liter) ', 1.04, 56]","['Rice (white), (1kg) ', 2.63, 38]","['Potato (1kg) ', 1.67, 35]","['Water (1.5 liter bottle) ', 0.79, 52]","['Cigarettes 20 Pack (Marlboro) ', 8.2, 29]","['Cappuccino (regular) ', 4.02, 15]","['One-way Ticket (Local Transport) ', 2.5, 37]","['Apartment (3 bedrooms) in City Centre ', 1480.0, 78]", Germany,49.749992,6.6371433,2,Trier ,59
€,Tromso,"['Meal, Inexpensive Restaurant ', 21.3, 4]","['McMeal at McDonalds (or Equivalent Combo Meal) ', 12.78, 6]","['Domestic Beer (0.5 liter draught) ', 9.37, 2]","['Milk (regular), (1 liter) ', 1.96, 1]","['Rice (white), (1kg) ', 3.32, 7]","['Potato (1kg) ', 2.63, 3]","['Water (1.5 liter bottle) ', 1.18, 26]","['Cigarettes 20 Pack (Marlboro) ', 12.44, 14]","['Cappuccino (regular) ', 4.83, 5]","['One-way Ticket (Local Transport) ', 3.49, 12]","['Apartment (3 bedrooms) in City Centre ', 2058.8, 36]", Norway,69.6497717,18.984122,1,Tromso,5
€,Tubingen,"['Meal, Inexpensive Restaurant ', 12.5, 28]","['McMeal at McDonalds (or Equivalent Combo Meal) ', 10.0, 15]","['Domestic Beer (0.5 liter draught) ', 4.15, 39]","['Milk (regular), (1 liter) ', 1.02, 58]","['Rice (white), (1kg) ', 2.69, 32]","['Potato (1kg) ', 1.4, 56]","['Water (1.5 liter bottle) ', 0.79, 52]","['Cigarettes 20 Pack (Marlboro) ', 8.2, 29]","['Cappuccino (regular) ', 3.42, 44]","['One-way Ticket (Local Transport) ', 3.0, 27]","['Apartment (3 bedrooms) in City Centre ', 1925.0, 46]", Germany,48.5216364,9.0576448,2,Tubingen,57
€,Turin,"['Meal, Inexpensive Restaurant ', 15.0, 16]","['McMeal at McDonalds (or Equivalent Combo Meal) ', 10.0, 15]","['Domestic Beer (0.5 liter draught) ', 5.0, 30]","['Milk (regular), (1 liter) ', 1.44, 28]","['Rice (white), (1kg) ', 2.67, 34]","['Potato (1kg) ', 1.59, 40]","['Water (1.5 liter bottle) ', 0.4, 78]","['Cigarettes 20 Pack (Marlboro) ', 6.0, 40]","['Cappuccino (regular) ', 1.62, 114]","['One-way Ticket (Local Transport) ', 2.0, 45]","['Apartment (3 bedrooms) in City Centre ', 1197.37, 113]",Italy,45.0703393,7.686864,2,Turin,115
€,Turku,"['Meal, Inexpensive Restaurant ', 12.75, 27]","['McMeal at McDonalds (or Equivalent Combo Meal) ', 9.0, 27]","['Domestic Beer (0.5 liter draught) ', 8.0, 6]","['Milk (regular), (1 liter) ', 1.03, 57]","['Rice (white), (1kg) ', 2.28, 59]","['Potato (1kg) ', 1.08, 75]","['Water (1.5 liter bottle) ', 1.34, 18]","['Cigarettes 20 Pack (Marlboro) ', 11.0, 18]","['Cappuccino (regular) ', 3.94, 18]","['One-way Ticket (Local Transport) ', 3.0, 27]","['Apartment (3 bedrooms) in City Centre ', 1183.33, 115]", Finland,60.4518126,22.2666303,1,Turku,63
€,Udine,"['Meal, Inexpensive Restaurant ', 15.0, 16]","['McMeal at McDonalds (or Equivalent Combo Meal) ', 9.0, 27]","['Domestic Beer (0.5 liter draught) ', 5.0, 30]","['Milk (regular), (1 liter) ', 1.31, 35]","['Rice (white), (1kg) ', 2.17, 67]","['Potato (1kg) ', 1.43, 54]","['Water (1.5 liter bottle) ', 0.36, 81]","['Cigarettes 20 Pack (Marlboro) ', 6.1, 39]","['Cappuccino (regular) ', 1.58, 117]","['One-way Ticket (Local Transport) ', 1.45, 52]","['Apartment (3 bedrooms) in City Centre ', 975.0, 138]", Italy,46.0710668,13.2345794,2,Udine,135
€,Uppsala,"['Meal, Inexpensive Restaurant ', 12.76, 26]","['McMeal at McDonalds (or Equivalent Combo Meal) ', 9.68, 20]","['Domestic Beer (0.5 liter draught) ', 7.04, 8]","['Milk (regular), (1 liter) ', 1.53, 21]","['Rice (white), (1kg) ', 3.73, 4]","['Potato (1kg) ', 1.38, 57]","['Water (1.5 liter bottle) ', 1.33, 19]","['Cigarettes 20 Pack (Marlboro) ', 5.68, 45]","['Cappuccino (regular) ', 3.9, 20]","['One-way Ticket (Local Transport) ', 3.34, 15]","['Apartment (3 bedrooms) in City Centre ', 1267.33, 105]", Sweden,59.8585638,17.6389267,1,Uppsala,50
€,Utrecht,"['Meal, Inexpensive Restaurant ', 18.0, 11]","['McMeal at McDonalds (or Equivalent Combo Meal) ', 10.0, 15]","['Domestic Beer (0.5 liter draught) ', 5.5, 24]","['Milk (regular), (1 liter) ', 1.11, 49]","['Rice (white), (1kg) ', 2.54, 45]","['Potato (1kg) ', 1.75, 30]","['Water (1.5 liter bottle) ', 0.74, 57]","['Cigarettes 20 Pack (Marlboro) ', 9.0, 25]","['Cappuccino (regular) ', 3.48, 41]","['One-way Ticket (Local Transport) ', 3.0, 27]","['Apartment (3 bedrooms) in City Centre ', 2219.57, 27]",Netherlands,52.0907374,5.1214201,2,Utrecht,32
€,Valencia,"['Meal, Inexpensive Restaurant ', 13.0, 25]","['McMeal at McDonalds (or Equivalent Combo Meal) ', 10.5, 13]","['Domestic Beer (0.5 liter draught) ', 3.0, 54]","['Milk (regular), (1 liter) ', 1.03, 57]","['Rice (white), (1kg) ', 1.41, 102]","['Potato (1kg) ', 1.56, 43]","['Water (1.5 liter bottle) ', 0.57, 71]","['Cigarettes 20 Pack (Marlboro) ', 5.5, 48]","['Cappuccino (regular) ', 2.03, 93]","['One-way Ticket (Local Transport) ', 1.5, 51]","['Apartment (3 bedrooms) in City Centre ', 1679.69, 65]",Spain,39.4699075,-0.3762881,2,Valencia,114
€,Varna,"['Meal, Inexpensive Restaurant ', 9.46, 44]","['McMeal at McDonalds (or Equivalent Combo Meal) ', 7.67, 39]","['Domestic Beer (0.5 liter draught) ', 2.56, 59]","['Milk (regular), (1 liter) ', 1.63, 12]","['Rice (white), (1kg) ', 1.88, 80]","['Potato (1kg) ', 0.99, 80]","['Water (1.5 liter bottle) ', 0.57, 71]","['Cigarettes 20 Pack (Marlboro) ', 3.07, 73]","['Cappuccino (regular) ', 1.94, 98]","['One-way Ticket (Local Transport) ', 1.02, 60]","['Apartment (3 bedrooms) in City Centre ', 821.04, 154]",Bulgaria,43.2140504,27.9147333,2,Varna,164
€,Vienna,"['Meal, Inexpensive Restaurant ', 16.75, 13]","['McMeal at McDonalds (or Equivalent Combo Meal) ', 10.0, 15]","['Domestic Beer (0.5 liter draught) ', 5.0, 30]","['Milk (regular), (1 liter) ', 1.46, 26]","['Rice (white), (1kg) ', 2.32, 55]","['Potato (1kg) ', 1.83, 25]","['Water (1.5 liter bottle) ', 0.74, 57]","['Cigarettes 20 Pack (Marlboro) ', 6.0, 40]","['Cappuccino (regular) ', 3.85, 23]","['One-way Ticket (Local Transport) ', 2.4, 39]","['Apartment (3 bedrooms) in City Centre ', 2067.24, 35]",Austria,48.2081743,16.3738189,2,Vienna,40
€,Vilnius,"['Meal, Inexpensive Restaurant ', 12.0, 30]","['McMeal at McDonalds (or Equivalent Combo Meal) ', 8.0, 37]","['Domestic Beer (0.5 liter draught) ', 4.5, 35]","['Milk (regular), (1 liter) ', 1.27, 37]","['Rice (white), (1kg) ', 2.29, 58]","['Potato (1kg) ', 0.84, 87]","['Water (1.5 liter bottle) ', 0.8, 51]","['Cigarettes 20 Pack (Marlboro) ', 5.0, 60]","['Cappuccino (regular) ', 3.16, 59]","['One-way Ticket (Local Transport) ', 0.65, 69]","['Apartment (3 bedrooms) in City Centre ', 1336.8, 96]",Lithuania,54.6871555,25.2796514,3,Vilnius,126
€,Warsaw,"['Meal, Inexpensive Restaurant ', 9.36, 45]","['McMeal at McDonalds (or Equivalent Combo Meal) ', 8.14, 36]","['Domestic Beer (0.5 liter draught) ', 3.63, 46]","['Milk (regular), (1 liter) ', 0.95, 65]","['Rice (white), (1kg) ', 1.51, 97]","['Potato (1kg) ', 0.85, 86]","['Water (1.5 liter bottle) ', 0.61, 67]","['Cigarettes 20 Pack (Marlboro) ', 4.45, 66]","['Cappuccino (regular) ', 3.34, 50]","['One-way Ticket (Local Transport) ', 1.03, 59]","['Apartment (3 bedrooms) in City Centre ', 1723.89, 62]",Poland,52.2296756,21.0122287,3,Warsaw,125
€,Warwick United Kingdom,"['Meal, Inexpensive Restaurant ', 17.8, 12]","['McMeal at McDonalds (or Equivalent Combo Meal) ', 8.19, 35]","['Domestic Beer (0.5 liter draught) ', 4.63, 34]","['Milk (regular), (1 liter) ', 1.36, 32]","['Rice (white), (1kg) ', 1.74, 89]","['Potato (1kg) ', 1.08, 75]","['Water (1.5 liter bottle) ', 1.36, 17]","['Cigarettes 20 Pack (Marlboro) ', 14.68, 10]","['Cappuccino (regular) ', 3.86, 22]","['One-way Ticket (Local Transport) ', 4.75, 1]","['Apartment (3 bedrooms) in City Centre ', 1305.27, 99]", United Kingdom,52.282316,-1.584927,1,Warwick,52
€,Wroclaw,"['Meal, Inexpensive Restaurant ', 9.36, 45]","['McMeal at McDonalds (or Equivalent Combo Meal) ', 7.02, 45]","['Domestic Beer (0.5 liter draught) ', 3.16, 51]","['Milk (regular), (1 liter) ', 0.91, 69]","['Rice (white), (1kg) ', 1.38, 104]","['Potato (1kg) ', 0.84, 87]","['Water (1.5 liter bottle) ', 0.67, 62]","['Cigarettes 20 Pack (Marlboro) ', 4.21, 70]","['Cappuccino (regular) ', 3.27, 55]","['One-way Ticket (Local Transport) ', 1.08, 58]","['Apartment (3 bedrooms) in City Centre ', 1167.04, 117]",Poland,51.1078852,17.0385376,3,Wroclaw,146
€,Wuerzburg,"['Meal, Inexpensive Restaurant ', 15.0, 16]","['McMeal at McDonalds (or Equivalent Combo Meal) ', 10.0, 15]","['Domestic Beer (0.5 liter draught) ', 3.9, 42]","['Milk (regular), (1 liter) ', 1.07, 53]","['Rice (white), (1kg) ', 2.73, 29]","['Potato (1kg) ', 1.33, 62]","['Water (1.5 liter bottle) ', 0.67, 62]","['Cigarettes 20 Pack (Marlboro) ', 8.2, 29]","['Cappuccino (regular) ', 3.0, 70]","['One-way Ticket (Local Transport) ', 2.4, 39]","['Apartment (3 bedrooms) in City Centre ', 900.0, 145]", Germany,49.7913044,9.9533548,2,Wuerzburg,109
€,Wuppertal Germany,"['Meal, Inexpensive Restaurant ', 12.0, 30]","['McMeal at McDonalds (or Equivalent Combo Meal) ', 8.5, 32]","['Domestic Beer (0.5 liter draught) ', 3.5, 48]","['Milk (regular), (1 liter) ', 1.03, 57]","['Rice (white), (1kg) ', 2.71, 31]","['Potato (1kg) ', 1.25, 65]","['Water (1.5 liter bottle) ', 0.64, 65]","['Cigarettes 20 Pack (Marlboro) ', 8.2, 29]","['Cappuccino (regular) ', 3.03, 68]","['One-way Ticket (Local Transport) ', 3.3, 17]","['Apartment (3 bedrooms) in City Centre ', 1200.0, 112]",Germany,51.2562128,7.1507636,2,Wuppertal,105
€,Zagreb,"['Meal, Inexpensive Restaurant ', 10.0, 42]","['McMeal at McDonalds (or Equivalent Combo Meal) ', 7.0, 46]","['Domestic Beer (0.5 liter draught) ', 3.0, 54]","['Milk (regular), (1 liter) ', 1.09, 51]","['Rice (white), (1kg) ', 2.22, 63]","['Potato (1kg) ', 1.07, 76]","['Water (1.5 liter bottle) ', 1.0, 34]","['Cigarettes 20 Pack (Marlboro) ', 4.9, 62]","['Cappuccino (regular) ', 1.93, 99]","['One-way Ticket (Local Transport) ', 0.53, 72]","['Apartment (3 bedrooms) in City Centre ', 1135.43, 119]",Croatia,45.8150108,15.981919,2,Zagreb,154
€,Zaragoza Saragossa,"['Meal, Inexpensive Restaurant ', 15.0, 16]","['McMeal at McDonalds (or Equivalent Combo Meal) ', 9.5, 21]","['Domestic Beer (0.5 liter draught) ', 3.0, 54]","['Milk (regular), (1 liter) ', 1.07, 53]","['Rice (white), (1kg) ', 1.08, 118]","['Potato (1kg) ', 1.75, 30]","['Water (1.5 liter bottle) ', 0.61, 67]","['Cigarettes 20 Pack (Marlboro) ', 5.6, 46]","['Cappuccino (regular) ', 1.93, 99]","['One-way Ticket (Local Transport) ', 1.5, 51]","['Apartment (3 bedrooms) in City Centre ', 1433.33, 82]",Spain,41.6488226,-0.8890853,2,Zaragoza,121
€,Zurich,"['Meal, Inexpensive Restaurant ', 26.52, 2]","['McMeal at McDonalds (or Equivalent Combo Meal) ', 16.97, 1]","['Domestic Beer (0.5 liter draught) ', 8.49, 4]","['Milk (regular), (1 liter) ', 1.82, 6]","['Rice (white), (1kg) ', 3.73, 4]","['Potato (1kg) ', 2.26, 12]","['Water (1.5 liter bottle) ', 1.07, 30]","['Cigarettes 20 Pack (Marlboro) ', 9.55, 23]","['Cappuccino (regular) ', 5.68, 2]","['One-way Ticket (Local Transport) ', 4.67, 2]","['Apartment (3 bedrooms) in City Centre ', 3902.92, 4]", Switzerland,47.3768866,8.541694,1,Zurich,1
